line,alt,path,exists,size_bytes,suffix
397,项目1-高级-知识地图,/Users/ny/Downloads/5G网络优化教材端到端生产演练_2026-06-22/assets/media/image2.jpeg,True,63781,.jpeg
454,,/Users/ny/Downloads/5G网络优化教材端到端生产演练_2026-06-22/assets/media/image3.png,True,245104,.png
459,,/Users/ny/Downloads/5G网络优化教材端到端生产演练_2026-06-22/assets/media/image4.png,True,54906,.png
510,图片2修改,/Users/ny/Downloads/5G网络优化教材端到端生产演练_2026-06-22/assets/media/image5.png,True,318142,.png
535,,/Users/ny/Downloads/5G网络优化教材端到端生产演练_2026-06-22/assets/media/image6.png,True,75163,.png
535,,/Users/ny/Downloads/5G网络优化教材端到端生产演练_2026-06-22/assets/media/image7.png,True,197657,.png
535,,/Users/ny/Downloads/5G网络优化教材端到端生产演练_2026-06-22/assets/media/image8.png,True,92337,.png
535,,/Users/ny/Downloads/5G网络优化教材端到端生产演练_2026-06-22/assets/media/image9.png,True,76471,.png
566,,/Users/ny/Downloads/5G网络优化教材端到端生产演练_2026-06-22/assets/media/image10.png,True,47025,.png
567,,/Users/ny/Downloads/5G网络优化教材端到端生产演练_2026-06-22/assets/media/image11.png,True,46639,.png
568,,/Users/ny/Downloads/5G网络优化教材端到端生产演练_2026-06-22/assets/media/image12.png,True,47336,.png
569,,/Users/ny/Downloads/5G网络优化教材端到端生产演练_2026-06-22/assets/media/image13.png,True,40340,.png
572,,/Users/ny/Downloads/5G网络优化教材端到端生产演练_2026-06-22/assets/media/image14.png,True,244926,.png
575,,/Users/ny/Downloads/5G网络优化教材端到端生产演练_2026-06-22/assets/media/image15.png,True,152932,.png
578,,/Users/ny/Downloads/5G网络优化教材端到端生产演练_2026-06-22/assets/media/image16.png,True,278936,.png
581,,/Users/ny/Downloads/5G网络优化教材端到端生产演练_2026-06-22/assets/media/image17.png,True,163770,.png
599,,/Users/ny/Downloads/5G网络优化教材端到端生产演练_2026-06-22/assets/media/image18.png,True,35838,.png
599,Graphic,/Users/ny/Downloads/5G网络优化教材端到端生产演练_2026-06-22/assets/media/image19.jpeg,True,5909,.jpeg
599,,/Users/ny/Downloads/5G网络优化教材端到端生产演练_2026-06-22/assets/media/image20.png,True,152408,.png
599,,/Users/ny/Downloads/5G网络优化教材端到端生产演练_2026-06-22/assets/media/image21.png,True,33449,.png
599,,/Users/ny/Downloads/5G网络优化教材端到端生产演练_2026-06-22/assets/media/image22.png,True,201883,.png
644,,/Users/ny/Downloads/5G网络优化教材端到端生产演练_2026-06-22/assets/media/image23.png,True,869059,.png
651,,/Users/ny/Downloads/5G网络优化教材端到端生产演练_2026-06-22/assets/media/image24.png,True,907713,.png
658,,/Users/ny/Downloads/5G网络优化教材端到端生产演练_2026-06-22/assets/media/image25.png,True,1451489,.png
665,,/Users/ny/Downloads/5G网络优化教材端到端生产演练_2026-06-22/assets/media/image26.png,True,267374,.png
672,,/Users/ny/Downloads/5G网络优化教材端到端生产演练_2026-06-22/assets/media/image27.png,True,1407701,.png
679,,/Users/ny/Downloads/5G网络优化教材端到端生产演练_2026-06-22/assets/media/image28.png,True,1203897,.png
686,,/Users/ny/Downloads/5G网络优化教材端到端生产演练_2026-06-22/assets/media/image29.png,True,693394,.png
709,,/Users/ny/Downloads/5G网络优化教材端到端生产演练_2026-06-22/assets/media/image30.png,True,176771,.png
710,,/Users/ny/Downloads/5G网络优化教材端到端生产演练_2026-06-22/assets/media/image31.png,True,216458,.png
723,,/Users/ny/Downloads/5G网络优化教材端到端生产演练_2026-06-22/assets/media/image32.png,True,1597,.png
724,,/Users/ny/Downloads/5G网络优化教材端到端生产演练_2026-06-22/assets/media/image33.png,True,1909,.png
727,,/Users/ny/Downloads/5G网络优化教材端到端生产演练_2026-06-22/assets/media/image34.png,True,147628,.png
728,,/Users/ny/Downloads/5G网络优化教材端到端生产演练_2026-06-22/assets/media/image35.png,True,136089,.png
729,,/Users/ny/Downloads/5G网络优化教材端到端生产演练_2026-06-22/assets/media/image36.png,True,140418,.png
730,,/Users/ny/Downloads/5G网络优化教材端到端生产演练_2026-06-22/assets/media/image37.png,True,107265,.png
782,,/Users/ny/Downloads/5G网络优化教材端到端生产演练_2026-06-22/assets/media/image38.png,True,728370,.png
793,,/Users/ny/Downloads/5G网络优化教材端到端生产演练_2026-06-22/assets/media/image39.png,True,550164,.png
917,,/Users/ny/Downloads/5G网络优化教材端到端生产演练_2026-06-22/assets/media/image40.emf,True,1819992,.emf
919,,/Users/ny/Downloads/5G网络优化教材端到端生产演练_2026-06-22/assets/media/image41.emf,True,1382648,.emf
924,,/Users/ny/Downloads/5G网络优化教材端到端生产演练_2026-06-22/assets/media/image42.emf,True,668060,.emf
926,,/Users/ny/Downloads/5G网络优化教材端到端生产演练_2026-06-22/assets/media/image43.emf,True,1994448,.emf
931,,/Users/ny/Downloads/5G网络优化教材端到端生产演练_2026-06-22/assets/media/image44.emf,True,1821944,.emf
933,,/Users/ny/Downloads/5G网络优化教材端到端生产演练_2026-06-22/assets/media/image45.emf,True,336168,.emf
938,,/Users/ny/Downloads/5G网络优化教材端到端生产演练_2026-06-22/assets/media/image46.emf,True,798096,.emf
940,,/Users/ny/Downloads/5G网络优化教材端到端生产演练_2026-06-22/assets/media/image47.emf,True,2251848,.emf
945,,/Users/ny/Downloads/5G网络优化教材端到端生产演练_2026-06-22/assets/media/image48.emf,True,1440248,.emf
947,,/Users/ny/Downloads/5G网络优化教材端到端生产演练_2026-06-22/assets/media/image49.emf,True,642344,.emf
952,,/Users/ny/Downloads/5G网络优化教材端到端生产演练_2026-06-22/assets/media/image50.emf,True,425848,.emf
954,,/Users/ny/Downloads/5G网络优化教材端到端生产演练_2026-06-22/assets/media/image51.emf,True,190484,.emf
959,,/Users/ny/Downloads/5G网络优化教材端到端生产演练_2026-06-22/assets/media/image52.emf,True,1229048,.emf
961,,/Users/ny/Downloads/5G网络优化教材端到端生产演练_2026-06-22/assets/media/image53.emf,True,737880,.emf
985,,/Users/ny/Downloads/5G网络优化教材端到端生产演练_2026-06-22/assets/media/image54.jpeg,True,10875,.jpeg
1006,,/Users/ny/Downloads/5G网络优化教材端到端生产演练_2026-06-22/assets/media/image55.png,True,7608,.png
1054,,/Users/ny/Downloads/5G网络优化教材端到端生产演练_2026-06-22/assets/media/image56.png,True,13730,.png
1071,图片1修改,/Users/ny/Downloads/5G网络优化教材端到端生产演练_2026-06-22/assets/media/image57.png,True,467600,.png
1076,国内频谱分配情况,/Users/ny/Downloads/5G网络优化教材端到端生产演练_2026-06-22/assets/media/image58.jpeg,True,292750,.jpeg
1092,,/Users/ny/Downloads/5G网络优化教材端到端生产演练_2026-06-22/assets/media/image18.png,True,35838,.png
1092,Graphic,/Users/ny/Downloads/5G网络优化教材端到端生产演练_2026-06-22/assets/media/image19.jpeg,True,5909,.jpeg
1092,,/Users/ny/Downloads/5G网络优化教材端到端生产演练_2026-06-22/assets/media/image20.png,True,152408,.png
1092,,/Users/ny/Downloads/5G网络优化教材端到端生产演练_2026-06-22/assets/media/image59.png,True,29458,.png
1092,,/Users/ny/Downloads/5G网络优化教材端到端生产演练_2026-06-22/assets/media/image60.png,True,24658,.png
1092,http://127.0.0.1:8890/go_outfiles/Lib20190428174234_R1_2/documents/V9200硬装/graphics/1552268261419.jpg,/Users/ny/Downloads/5G网络优化教材端到端生产演练_2026-06-22/assets/media/image61.jpeg,True,13722,.jpeg
1092,,/Users/ny/Downloads/5G网络优化教材端到端生产演练_2026-06-22/assets/media/image22.png,True,201883,.png
1133,,/Users/ny/Downloads/5G网络优化教材端到端生产演练_2026-06-22/assets/media/image62.png,True,117709,.png
1134,,/Users/ny/Downloads/5G网络优化教材端到端生产演练_2026-06-22/assets/media/image63.png,True,41379,.png
1135,,/Users/ny/Downloads/5G网络优化教材端到端生产演练_2026-06-22/assets/media/image64.emf,True,27032,.emf
1144,,/Users/ny/Downloads/5G网络优化教材端到端生产演练_2026-06-22/assets/media/image65.png,True,1435995,.png
1161,,/Users/ny/Downloads/5G网络优化教材端到端生产演练_2026-06-22/assets/media/image66.png,True,1175326,.png
1170,https://timgsa.baidu.com/timg?image&quality=80&size=b9999_10000&sec=1568096887719&di=40c293cf2b7107dcfe481b921f9b7a3d&imgtype=0&src=http%3A%2F%2Fwww.yiqijiaozhun1.com%2Fd38.jpg,/Users/ny/Downloads/5G网络优化教材端到端生产演练_2026-06-22/assets/media/image67.jpeg,True,18147,.jpeg
1179,,/Users/ny/Downloads/5G网络优化教材端到端生产演练_2026-06-22/assets/media/image68.png,True,1426704,.png
1188,,/Users/ny/Downloads/5G网络优化教材端到端生产演练_2026-06-22/assets/media/image69.png,True,866188,.png
1203,,/Users/ny/Downloads/5G网络优化教材端到端生产演练_2026-06-22/assets/media/image70.png,True,460741,.png
1223,,/Users/ny/Downloads/5G网络优化教材端到端生产演练_2026-06-22/assets/media/image71.png,True,53251,.png
1232,,/Users/ny/Downloads/5G网络优化教材端到端生产演练_2026-06-22/assets/media/image72.png,True,40891,.png
1593,项目2-高级-知识地图,/Users/ny/Downloads/5G网络优化教材端到端生产演练_2026-06-22/assets/media/image73.jpeg,True,40094,.jpeg
1628,,/Users/ny/Downloads/5G网络优化教材端到端生产演练_2026-06-22/assets/media/image74.png,True,21904,.png
1637,IMG_256,/Users/ny/Downloads/5G网络优化教材端到端生产演练_2026-06-22/assets/media/image75.png,True,144710,.png
1642,,/Users/ny/Downloads/5G网络优化教材端到端生产演练_2026-06-22/assets/media/image76.png,True,126401,.png
1647,,/Users/ny/Downloads/5G网络优化教材端到端生产演练_2026-06-22/assets/media/image77.png,True,70039,.png
1658,,/Users/ny/Downloads/5G网络优化教材端到端生产演练_2026-06-22/assets/media/image78.png,True,101867,.png
1770,,/Users/ny/Downloads/5G网络优化教材端到端生产演练_2026-06-22/assets/media/image79.png,True,782017,.png
1819,,/Users/ny/Downloads/5G网络优化教材端到端生产演练_2026-06-22/assets/media/image80.png,True,297661,.png
1832,,/Users/ny/Downloads/5G网络优化教材端到端生产演练_2026-06-22/assets/media/image81.png,True,320283,.png
1848,,/Users/ny/Downloads/5G网络优化教材端到端生产演练_2026-06-22/assets/media/image82.png,True,301729,.png
2009,,/Users/ny/Downloads/5G网络优化教材端到端生产演练_2026-06-22/assets/media/image83.png,True,283266,.png
2110,,/Users/ny/Downloads/5G网络优化教材端到端生产演练_2026-06-22/assets/media/image84.wmf,True,734,.wmf
2183,IMG_256,/Users/ny/Downloads/5G网络优化教材端到端生产演练_2026-06-22/assets/media/image85.jpeg,True,80936,.jpeg
2199,,/Users/ny/Downloads/5G网络优化教材端到端生产演练_2026-06-22/assets/media/image82.png,True,301729,.png
2212,IMG_256,/Users/ny/Downloads/5G网络优化教材端到端生产演练_2026-06-22/assets/media/image86.png,True,216175,.png
2221,IMG_256,/Users/ny/Downloads/5G网络优化教材端到端生产演练_2026-06-22/assets/media/image87.png,True,957334,.png
2252,,/Users/ny/Downloads/5G网络优化教材端到端生产演练_2026-06-22/assets/media/image88.png,True,838860,.png
2260,,/Users/ny/Downloads/5G网络优化教材端到端生产演练_2026-06-22/assets/media/image89.png,True,385416,.png
2277,,/Users/ny/Downloads/5G网络优化教材端到端生产演练_2026-06-22/assets/media/image90.png,True,344548,.png
2320,,/Users/ny/Downloads/5G网络优化教材端到端生产演练_2026-06-22/assets/media/image91.png,True,109,.png
2321,,/Users/ny/Downloads/5G网络优化教材端到端生产演练_2026-06-22/assets/media/image91.png,True,109,.png
2322,,/Users/ny/Downloads/5G网络优化教材端到端生产演练_2026-06-22/assets/media/image91.png,True,109,.png
2323,,/Users/ny/Downloads/5G网络优化教材端到端生产演练_2026-06-22/assets/media/image91.png,True,109,.png
2324,,/Users/ny/Downloads/5G网络优化教材端到端生产演练_2026-06-22/assets/media/image91.png,True,109,.png
2325,,/Users/ny/Downloads/5G网络优化教材端到端生产演练_2026-06-22/assets/media/image92.png,True,48156,.png
2356,,/Users/ny/Downloads/5G网络优化教材端到端生产演练_2026-06-22/assets/media/image93.png,True,47895,.png
2396,1,/Users/ny/Downloads/5G网络优化教材端到端生产演练_2026-06-22/assets/media/image94.png,True,241773,.png
2431,,/Users/ny/Downloads/5G网络优化教材端到端生产演练_2026-06-22/assets/media/image95.png,True,70015,.png
2446,,/Users/ny/Downloads/5G网络优化教材端到端生产演练_2026-06-22/assets/media/image96.png,True,186767,.png
2471,,/Users/ny/Downloads/5G网络优化教材端到端生产演练_2026-06-22/assets/media/image97.jpeg,True,112750,.jpeg
2482,,/Users/ny/Downloads/5G网络优化教材端到端生产演练_2026-06-22/assets/media/image98.png,True,315470,.png
2493,,/Users/ny/Downloads/5G网络优化教材端到端生产演练_2026-06-22/assets/media/image99.png,True,320829,.png
2518,lALPD3Irvg3ZMILNA7XNB0g_1864_949,/Users/ny/Downloads/5G网络优化教材端到端生产演练_2026-06-22/assets/media/image100.png,True,783828,.png
2525,,/Users/ny/Downloads/5G网络优化教材端到端生产演练_2026-06-22/assets/media/image101.png,True,574093,.png
2534,,/Users/ny/Downloads/5G网络优化教材端到端生产演练_2026-06-22/assets/media/image102.png,True,1035331,.png
2541,,/Users/ny/Downloads/5G网络优化教材端到端生产演练_2026-06-22/assets/media/image103.png,True,1235586,.png
2548,,/Users/ny/Downloads/5G网络优化教材端到端生产演练_2026-06-22/assets/media/image104.png,True,1227950,.png
2557,,/Users/ny/Downloads/5G网络优化教材端到端生产演练_2026-06-22/assets/media/image105.png,True,1320964,.png
2564,,/Users/ny/Downloads/5G网络优化教材端到端生产演练_2026-06-22/assets/media/image106.png,True,894574,.png
2571,,/Users/ny/Downloads/5G网络优化教材端到端生产演练_2026-06-22/assets/media/image107.png,True,620066,.png
2578,,/Users/ny/Downloads/5G网络优化教材端到端生产演练_2026-06-22/assets/media/image108.png,True,894751,.png
2585,,/Users/ny/Downloads/5G网络优化教材端到端生产演练_2026-06-22/assets/media/image109.png,True,508810,.png
2593,,/Users/ny/Downloads/5G网络优化教材端到端生产演练_2026-06-22/assets/media/image110.png,True,657859,.png
2600,,/Users/ny/Downloads/5G网络优化教材端到端生产演练_2026-06-22/assets/media/image111.png,True,303684,.png
2605,,/Users/ny/Downloads/5G网络优化教材端到端生产演练_2026-06-22/assets/media/image112.png,True,193462,.png
2618,,/Users/ny/Downloads/5G网络优化教材端到端生产演练_2026-06-22/assets/media/image113.png,True,713933,.png
2625,,/Users/ny/Downloads/5G网络优化教材端到端生产演练_2026-06-22/assets/media/image114.png,True,276370,.png
2632,,/Users/ny/Downloads/5G网络优化教材端到端生产演练_2026-06-22/assets/media/image115.png,True,232903,.png
2641,,/Users/ny/Downloads/5G网络优化教材端到端生产演练_2026-06-22/assets/media/image116.png,True,1146811,.png
2648,,/Users/ny/Downloads/5G网络优化教材端到端生产演练_2026-06-22/assets/media/image117.png,True,498816,.png
2655,,/Users/ny/Downloads/5G网络优化教材端到端生产演练_2026-06-22/assets/media/image118.png,True,204656,.png
2666,,/Users/ny/Downloads/5G网络优化教材端到端生产演练_2026-06-22/assets/media/image119.png,True,1119626,.png
2673,,/Users/ny/Downloads/5G网络优化教材端到端生产演练_2026-06-22/assets/media/image120.png,True,245983,.png
2682,,/Users/ny/Downloads/5G网络优化教材端到端生产演练_2026-06-22/assets/media/image121.png,True,242097,.png
2763,,/Users/ny/Downloads/5G网络优化教材端到端生产演练_2026-06-22/assets/media/image122.png,True,92501,.png
2772,,/Users/ny/Downloads/5G网络优化教材端到端生产演练_2026-06-22/assets/media/image123.png,True,119360,.png
2781,,/Users/ny/Downloads/5G网络优化教材端到端生产演练_2026-06-22/assets/media/image124.png,True,189294,.png
2788,,/Users/ny/Downloads/5G网络优化教材端到端生产演练_2026-06-22/assets/media/image125.png,True,173468,.png
2795,,/Users/ny/Downloads/5G网络优化教材端到端生产演练_2026-06-22/assets/media/image126.png,True,162736,.png
2802,,/Users/ny/Downloads/5G网络优化教材端到端生产演练_2026-06-22/assets/media/image127.png,True,210778,.png
2809,,/Users/ny/Downloads/5G网络优化教材端到端生产演练_2026-06-22/assets/media/image128.png,True,102405,.png
2856,,/Users/ny/Downloads/5G网络优化教材端到端生产演练_2026-06-22/assets/media/image129.png,True,253584,.png
2865,,/Users/ny/Downloads/5G网络优化教材端到端生产演练_2026-06-22/assets/media/image130.png,True,91768,.png
3319,,/Users/ny/Downloads/5G网络优化教材端到端生产演练_2026-06-22/assets/media/image131.png,True,93117,.png
3346,,/Users/ny/Downloads/5G网络优化教材端到端生产演练_2026-06-22/assets/media/image132.png,True,261776,.png
3511,,/Users/ny/Downloads/5G网络优化教材端到端生产演练_2026-06-22/assets/media/image133.png,True,33614,.png
3522,,/Users/ny/Downloads/5G网络优化教材端到端生产演练_2026-06-22/assets/media/image134.png,True,118732,.png
3543,,/Users/ny/Downloads/5G网络优化教材端到端生产演练_2026-06-22/assets/media/image135.png,True,201610,.png
3554,,/Users/ny/Downloads/5G网络优化教材端到端生产演练_2026-06-22/assets/media/image130.png,True,91768,.png
3567,,/Users/ny/Downloads/5G网络优化教材端到端生产演练_2026-06-22/assets/media/image136.png,True,67417,.png
3583,,/Users/ny/Downloads/5G网络优化教材端到端生产演练_2026-06-22/assets/media/image137.png,True,284300,.png
3590,,/Users/ny/Downloads/5G网络优化教材端到端生产演练_2026-06-22/assets/media/image138.png,True,181019,.png
3603,,/Users/ny/Downloads/5G网络优化教材端到端生产演练_2026-06-22/assets/media/image139.png,True,286043,.png
3614,,/Users/ny/Downloads/5G网络优化教材端到端生产演练_2026-06-22/assets/media/image140.png,True,285487,.png
3625,,/Users/ny/Downloads/5G网络优化教材端到端生产演练_2026-06-22/assets/media/image113.png,True,713933,.png
3632,,/Users/ny/Downloads/5G网络优化教材端到端生产演练_2026-06-22/assets/media/image114.png,True,276370,.png
3639,,/Users/ny/Downloads/5G网络优化教材端到端生产演练_2026-06-22/assets/media/image141.png,True,145288,.png
3648,,/Users/ny/Downloads/5G网络优化教材端到端生产演练_2026-06-22/assets/media/image142.png,True,1143262,.png
3655,,/Users/ny/Downloads/5G网络优化教材端到端生产演练_2026-06-22/assets/media/image143.png,True,582870,.png
3664,,/Users/ny/Downloads/5G网络优化教材端到端生产演练_2026-06-22/assets/media/image144.png,True,211657,.png
3801,图片2,/Users/ny/Downloads/5G网络优化教材端到端生产演练_2026-06-22/assets/media/image145.png,True,5845,.png
3856,,/Users/ny/Downloads/5G网络优化教材端到端生产演练_2026-06-22/assets/media/image146.png,True,37915,.png
3869,,/Users/ny/Downloads/5G网络优化教材端到端生产演练_2026-06-22/assets/media/image147.png,True,191503,.png
3880,,/Users/ny/Downloads/5G网络优化教材端到端生产演练_2026-06-22/assets/media/image148.png,True,248192,.png
3891,,/Users/ny/Downloads/5G网络优化教材端到端生产演练_2026-06-22/assets/media/image149.png,True,135288,.png
4063,,/Users/ny/Downloads/5G网络优化教材端到端生产演练_2026-06-22/assets/media/image150.wmf,True,1616,.wmf
4065,,/Users/ny/Downloads/5G网络优化教材端到端生产演练_2026-06-22/assets/media/image151.png,True,1107,.png
4070,,/Users/ny/Downloads/5G网络优化教材端到端生产演练_2026-06-22/assets/media/image152.png,True,30256,.png
4110,,/Users/ny/Downloads/5G网络优化教材端到端生产演练_2026-06-22/assets/media/image153.emf,True,39112,.emf
4112,,/Users/ny/Downloads/5G网络优化教材端到端生产演练_2026-06-22/assets/media/image154.emf,True,93730,.emf
4273,,/Users/ny/Downloads/5G网络优化教材端到端生产演练_2026-06-22/assets/media/image155.png,True,294960,.png
4282,,/Users/ny/Downloads/5G网络优化教材端到端生产演练_2026-06-22/assets/media/image156.png,True,103936,.png
4283,,/Users/ny/Downloads/5G网络优化教材端到端生产演练_2026-06-22/assets/media/image157.png,True,127915,.png
4292,,/Users/ny/Downloads/5G网络优化教材端到端生产演练_2026-06-22/assets/media/image158.png,True,146538,.png
4293,,/Users/ny/Downloads/5G网络优化教材端到端生产演练_2026-06-22/assets/media/image159.png,True,285980,.png
4300,,/Users/ny/Downloads/5G网络优化教材端到端生产演练_2026-06-22/assets/media/image160.png,True,118163,.png
4343,,/Users/ny/Downloads/5G网络优化教材端到端生产演练_2026-06-22/assets/media/image161.png,True,72983,.png
4370,,/Users/ny/Downloads/5G网络优化教材端到端生产演练_2026-06-22/assets/media/image162.png,True,60694,.png
4382,,/Users/ny/Downloads/5G网络优化教材端到端生产演练_2026-06-22/assets/media/image163.png,True,30352,.png
4383,,/Users/ny/Downloads/5G网络优化教材端到端生产演练_2026-06-22/assets/media/image164.png,True,9636,.png
4396,,/Users/ny/Downloads/5G网络优化教材端到端生产演练_2026-06-22/assets/media/image165.png,True,183815,.png
4445,点击放大,/Users/ny/Downloads/5G网络优化教材端到端生产演练_2026-06-22/assets/media/image166.png,True,8891,.png
4475,点击放大,/Users/ny/Downloads/5G网络优化教材端到端生产演练_2026-06-22/assets/media/image167.png,True,2425,.png
4480,点击放大,/Users/ny/Downloads/5G网络优化教材端到端生产演练_2026-06-22/assets/media/image168.png,True,5232,.png
4484,点击放大,/Users/ny/Downloads/5G网络优化教材端到端生产演练_2026-06-22/assets/media/image169.png,True,3786,.png
4491,点击放大,/Users/ny/Downloads/5G网络优化教材端到端生产演练_2026-06-22/assets/media/image170.png,True,3716,.png
4546,点击放大,/Users/ny/Downloads/5G网络优化教材端到端生产演练_2026-06-22/assets/media/image171.png,True,19361,.png
4560,,/Users/ny/Downloads/5G网络优化教材端到端生产演练_2026-06-22/assets/media/image172.png,True,224692,.png
4681,,/Users/ny/Downloads/5G网络优化教材端到端生产演练_2026-06-22/assets/media/image173.png,True,1408045,.png
4688,,/Users/ny/Downloads/5G网络优化教材端到端生产演练_2026-06-22/assets/media/image174.png,True,153634,.png
4695,,/Users/ny/Downloads/5G网络优化教材端到端生产演练_2026-06-22/assets/media/image175.png,True,131723,.png
4704,,/Users/ny/Downloads/5G网络优化教材端到端生产演练_2026-06-22/assets/media/image176.png,True,139530,.png
4713,,/Users/ny/Downloads/5G网络优化教材端到端生产演练_2026-06-22/assets/media/image173.png,True,1408045,.png
4720,,/Users/ny/Downloads/5G网络优化教材端到端生产演练_2026-06-22/assets/media/image174.png,True,153634,.png
4727,,/Users/ny/Downloads/5G网络优化教材端到端生产演练_2026-06-22/assets/media/image165.png,True,183815,.png
4736,,/Users/ny/Downloads/5G网络优化教材端到端生产演练_2026-06-22/assets/media/image177.png,True,814852,.png
4743,,/Users/ny/Downloads/5G网络优化教材端到端生产演练_2026-06-22/assets/media/image174.png,True,153634,.png
4750,,/Users/ny/Downloads/5G网络优化教材端到端生产演练_2026-06-22/assets/media/image172.png,True,224692,.png
4771,,/Users/ny/Downloads/5G网络优化教材端到端生产演练_2026-06-22/assets/media/image178.png,True,15515,.png
4776,,/Users/ny/Downloads/5G网络优化教材端到端生产演练_2026-06-22/assets/media/image179.png,True,13951,.png
4941,,/Users/ny/Downloads/5G网络优化教材端到端生产演练_2026-06-22/assets/media/image180.png,True,147797,.png
4966,,/Users/ny/Downloads/5G网络优化教材端到端生产演练_2026-06-22/assets/media/image181.png,True,32518,.png
4975,,/Users/ny/Downloads/5G网络优化教材端到端生产演练_2026-06-22/assets/media/image182.png,True,95450,.png
4982,,/Users/ny/Downloads/5G网络优化教材端到端生产演练_2026-06-22/assets/media/image183.png,True,51637,.png
4989,,/Users/ny/Downloads/5G网络优化教材端到端生产演练_2026-06-22/assets/media/image184.png,True,117672,.png
4996,,/Users/ny/Downloads/5G网络优化教材端到端生产演练_2026-06-22/assets/media/image185.png,True,96852,.png
5005,,/Users/ny/Downloads/5G网络优化教材端到端生产演练_2026-06-22/assets/media/image186.png,True,27329,.png
5016,,/Users/ny/Downloads/5G网络优化教材端到端生产演练_2026-06-22/assets/media/image173.png,True,1408045,.png
5023,,/Users/ny/Downloads/5G网络优化教材端到端生产演练_2026-06-22/assets/media/image174.png,True,153634,.png
5030,,/Users/ny/Downloads/5G网络优化教材端到端生产演练_2026-06-22/assets/media/image187.png,True,149361,.png
5047,,/Users/ny/Downloads/5G网络优化教材端到端生产演练_2026-06-22/assets/media/image188.png,True,247262,.png
5064,,/Users/ny/Downloads/5G网络优化教材端到端生产演练_2026-06-22/assets/media/image189.png,True,257975,.png
5073,,/Users/ny/Downloads/5G网络优化教材端到端生产演练_2026-06-22/assets/media/image173.png,True,1408045,.png
5080,,/Users/ny/Downloads/5G网络优化教材端到端生产演练_2026-06-22/assets/media/image174.png,True,153634,.png
5087,,/Users/ny/Downloads/5G网络优化教材端到端生产演练_2026-06-22/assets/media/image190.png,True,144970,.png
5106,C:\\Users\\ADMINI\~1\\AppData\\Local\\Temp\\1593414003(1).png,/Users/ny/Downloads/5G网络优化教材端到端生产演练_2026-06-22/assets/media/image191.png,True,1718037,.png
5113,,/Users/ny/Downloads/5G网络优化教材端到端生产演练_2026-06-22/assets/media/image192.png,True,8424,.png
5114,,/Users/ny/Downloads/5G网络优化教材端到端生产演练_2026-06-22/assets/media/image193.png,True,12937,.png
5119,C:\\Users\\ADMINI\~1\\AppData\\Local\\Temp\\1593414301(1).png,/Users/ny/Downloads/5G网络优化教材端到端生产演练_2026-06-22/assets/media/image194.png,True,968253,.png
5124,,/Users/ny/Downloads/5G网络优化教材端到端生产演练_2026-06-22/assets/media/image195.png,True,16687,.png
5131,,/Users/ny/Downloads/5G网络优化教材端到端生产演练_2026-06-22/assets/media/image196.png,True,8101,.png
5136,,/Users/ny/Downloads/5G网络优化教材端到端生产演练_2026-06-22/assets/media/image197.png,True,16764,.png
5185,项目4-高级-知识地图,/Users/ny/Downloads/5G网络优化教材端到端生产演练_2026-06-22/assets/media/image198.jpeg,True,51152,.jpeg
5221,未命名,/Users/ny/Downloads/5G网络优化教材端到端生产演练_2026-06-22/assets/media/image199.jpeg,True,9534,.jpeg
5233,未命名,/Users/ny/Downloads/5G网络优化教材端到端生产演练_2026-06-22/assets/media/image200.jpeg,True,11140,.jpeg
5246,,/Users/ny/Downloads/5G网络优化教材端到端生产演练_2026-06-22/assets/media/image201.png,True,80821,.png
5262,,/Users/ny/Downloads/5G网络优化教材端到端生产演练_2026-06-22/assets/media/image202.png,True,307866,.png
5267,,/Users/ny/Downloads/5G网络优化教材端到端生产演练_2026-06-22/assets/media/image203.png,True,292159,.png
5291,,/Users/ny/Downloads/5G网络优化教材端到端生产演练_2026-06-22/assets/media/image204.wmf,True,336,.wmf
5291,,/Users/ny/Downloads/5G网络优化教材端到端生产演练_2026-06-22/assets/media/image205.wmf,True,336,.wmf
5293,,/Users/ny/Downloads/5G网络优化教材端到端生产演练_2026-06-22/assets/media/image206.png,True,33529,.png
5311,**3个阵子形成一个通道**,/Users/ny/Downloads/5G网络优化教材端到端生产演练_2026-06-22/assets/media/image207.png,True,27571,.png
5341,,/Users/ny/Downloads/5G网络优化教材端到端生产演练_2026-06-22/assets/media/image208.png,True,27008,.png
5348,,/Users/ny/Downloads/5G网络优化教材端到端生产演练_2026-06-22/assets/media/image209.png,True,307368,.png
5361,,/Users/ny/Downloads/5G网络优化教材端到端生产演练_2026-06-22/assets/media/image210.emf,True,102660,.emf
5379,IMG_256,/Users/ny/Downloads/5G网络优化教材端到端生产演练_2026-06-22/assets/media/image212.png,True,82759,.png
5380,IMG_256,/Users/ny/Downloads/5G网络优化教材端到端生产演练_2026-06-22/assets/media/image213.png,True,361757,.png
5389,,/Users/ny/Downloads/5G网络优化教材端到端生产演练_2026-06-22/assets/media/image214.png,True,210354,.png
5399,,/Users/ny/Downloads/5G网络优化教材端到端生产演练_2026-06-22/assets/media/image215.png,True,256388,.png
5410,,/Users/ny/Downloads/5G网络优化教材端到端生产演练_2026-06-22/assets/media/image216.png,True,213927,.png
5421,,/Users/ny/Downloads/5G网络优化教材端到端生产演练_2026-06-22/assets/media/image217.png,True,100683,.png
5430,,/Users/ny/Downloads/5G网络优化教材端到端生产演练_2026-06-22/assets/media/image218.png,True,113177,.png
5441,图片23修改,/Users/ny/Downloads/5G网络优化教材端到端生产演练_2026-06-22/assets/media/image219.png,True,130848,.png
5448,IMG_256,/Users/ny/Downloads/5G网络优化教材端到端生产演练_2026-06-22/assets/media/image220.png,True,68164,.png
5463,,/Users/ny/Downloads/5G网络优化教材端到端生产演练_2026-06-22/assets/media/image221.png,True,39485,.png
5516,IMG_256,/Users/ny/Downloads/5G网络优化教材端到端生产演练_2026-06-22/assets/media/image222.png,True,24872,.png
5525,IMG_257,/Users/ny/Downloads/5G网络优化教材端到端生产演练_2026-06-22/assets/media/image223.png,True,39175,.png
5536,IMG_265,/Users/ny/Downloads/5G网络优化教材端到端生产演练_2026-06-22/assets/media/image224.png,True,91405,.png
5554,IMG_266,/Users/ny/Downloads/5G网络优化教材端到端生产演练_2026-06-22/assets/media/image225.png,True,36302,.png
5571,IMG_267,/Users/ny/Downloads/5G网络优化教材端到端生产演练_2026-06-22/assets/media/image226.png,True,56467,.png
5584,IMG_269,/Users/ny/Downloads/5G网络优化教材端到端生产演练_2026-06-22/assets/media/image227.png,True,46037,.png
5692,7C031495-FFE2-40a8-89EE-FF63F0660625,/Users/ny/Downloads/5G网络优化教材端到端生产演练_2026-06-22/assets/media/image228.png,True,1309756,.png
5699,0AA5F38C-97ED-4ba1-B944-518E509CC12C,/Users/ny/Downloads/5G网络优化教材端到端生产演练_2026-06-22/assets/media/image229.png,True,191560,.png
5708,,/Users/ny/Downloads/5G网络优化教材端到端生产演练_2026-06-22/assets/media/image230.png,True,140076,.png
5715,,/Users/ny/Downloads/5G网络优化教材端到端生产演练_2026-06-22/assets/media/image231.png,True,125108,.png
5722,,/Users/ny/Downloads/5G网络优化教材端到端生产演练_2026-06-22/assets/media/image165.png,True,183815,.png
5729,,/Users/ny/Downloads/5G网络优化教材端到端生产演练_2026-06-22/assets/media/image232.png,True,148174,.png
5779,IMG_256,/Users/ny/Downloads/5G网络优化教材端到端生产演练_2026-06-22/assets/media/image233.png,True,36942,.png
5787,IMG_257,/Users/ny/Downloads/5G网络优化教材端到端生产演练_2026-06-22/assets/media/image234.png,True,12655,.png
5795,,/Users/ny/Downloads/5G网络优化教材端到端生产演练_2026-06-22/assets/media/image235.emf,True,361972,.emf
5954,图片22修改,/Users/ny/Downloads/5G网络优化教材端到端生产演练_2026-06-22/assets/media/image236.png,True,74465,.png
6003,,/Users/ny/Downloads/5G网络优化教材端到端生产演练_2026-06-22/assets/media/image237.png,True,223600,.png
6018,,/Users/ny/Downloads/5G网络优化教材端到端生产演练_2026-06-22/assets/media/image238.png,True,227243,.png
6033,,/Users/ny/Downloads/5G网络优化教材端到端生产演练_2026-06-22/assets/media/image239.png,True,201127,.png
6046,,/Users/ny/Downloads/5G网络优化教材端到端生产演练_2026-06-22/assets/media/image240.png,True,193960,.png
6061,,/Users/ny/Downloads/5G网络优化教材端到端生产演练_2026-06-22/assets/media/image241.png,True,261835,.png
6082,,/Users/ny/Downloads/5G网络优化教材端到端生产演练_2026-06-22/assets/media/image242.png,True,234241,.png
6095,,/Users/ny/Downloads/5G网络优化教材端到端生产演练_2026-06-22/assets/media/image243.png,True,185208,.png
6108,,/Users/ny/Downloads/5G网络优化教材端到端生产演练_2026-06-22/assets/media/image244.png,True,335245,.png
6193,,/Users/ny/Downloads/5G网络优化教材端到端生产演练_2026-06-22/assets/media/image245.png,True,38068,.png
6208,,/Users/ny/Downloads/5G网络优化教材端到端生产演练_2026-06-22/assets/media/image246.png,True,33502,.png
6235,,/Users/ny/Downloads/5G网络优化教材端到端生产演练_2026-06-22/assets/media/image248.png,True,30176,.png
6250,,/Users/ny/Downloads/5G网络优化教材端到端生产演练_2026-06-22/assets/media/image249.png,True,32462,.png
6324,,/Users/ny/Downloads/5G网络优化教材端到端生产演练_2026-06-22/assets/media/image250.png,True,62903,.png
6331,,/Users/ny/Downloads/5G网络优化教材端到端生产演练_2026-06-22/assets/media/image251.png,True,57068,.png
6340,lALPDhYBRJJsX-7NAQnNAdk_473_265,/Users/ny/Downloads/5G网络优化教材端到端生产演练_2026-06-22/assets/media/image252.png,True,19936,.png
6345,,/Users/ny/Downloads/5G网络优化教材端到端生产演练_2026-06-22/assets/media/image253.png,True,76489,.png
6358,,/Users/ny/Downloads/5G网络优化教材端到端生产演练_2026-06-22/assets/media/image254.png,True,149905,.png
6377,,/Users/ny/Downloads/5G网络优化教材端到端生产演练_2026-06-22/assets/media/image256.png,True,53665,.png
6386,,/Users/ny/Downloads/5G网络优化教材端到端生产演练_2026-06-22/assets/media/image257.emf,True,18796,.emf
6395,,/Users/ny/Downloads/5G网络优化教材端到端生产演练_2026-06-22/assets/media/image258.png,True,14055,.png
6402,,/Users/ny/Downloads/5G网络优化教材端到端生产演练_2026-06-22/assets/media/image259.png,True,14562,.png
6433,,/Users/ny/Downloads/5G网络优化教材端到端生产演练_2026-06-22/assets/media/image260.png,True,98919,.png
6440,,/Users/ny/Downloads/5G网络优化教材端到端生产演练_2026-06-22/assets/media/image261.png,True,27790,.png
6458,640,/Users/ny/Downloads/5G网络优化教材端到端生产演练_2026-06-22/assets/media/image262.jpeg,True,70392,.jpeg
6469,图片4修改,/Users/ny/Downloads/5G网络优化教材端到端生产演练_2026-06-22/assets/media/image263.png,True,71705,.png
6480,图片6修改,/Users/ny/Downloads/5G网络优化教材端到端生产演练_2026-06-22/assets/media/image264.png,True,54814,.png
6487,图片7,/Users/ny/Downloads/5G网络优化教材端到端生产演练_2026-06-22/assets/media/image265.png,True,78575,.png
6498,图片8修改,/Users/ny/Downloads/5G网络优化教材端到端生产演练_2026-06-22/assets/media/image266.png,True,79524,.png
6518,图片10修改,/Users/ny/Downloads/5G网络优化教材端到端生产演练_2026-06-22/assets/media/image268.png,True,71847,.png
6529,图片11修改,/Users/ny/Downloads/5G网络优化教材端到端生产演练_2026-06-22/assets/media/image269.png,True,95794,.png
6536,图片12修改,/Users/ny/Downloads/5G网络优化教材端到端生产演练_2026-06-22/assets/media/image270.png,True,44639,.png
6547,8C0C240D-9162-4dd0-A8A3-75759124ACBB,/Users/ny/Downloads/5G网络优化教材端到端生产演练_2026-06-22/assets/media/image271.png,True,74159,.png
6556,图片14修改,/Users/ny/Downloads/5G网络优化教材端到端生产演练_2026-06-22/assets/media/image272.png,True,116245,.png
6563,图片15修改,/Users/ny/Downloads/5G网络优化教材端到端生产演练_2026-06-22/assets/media/image273.png,True,30428,.png
6572,图片16修改,/Users/ny/Downloads/5G网络优化教材端到端生产演练_2026-06-22/assets/media/image274.png,True,84938,.png
6580,,/Users/ny/Downloads/5G网络优化教材端到端生产演练_2026-06-22/assets/media/image275.png,True,107687,.png
6589,图片17修改,/Users/ny/Downloads/5G网络优化教材端到端生产演练_2026-06-22/assets/media/image276.png,True,46155,.png
6599,图片18修改,/Users/ny/Downloads/5G网络优化教材端到端生产演练_2026-06-22/assets/media/image277.png,True,26223,.png
6614,图片19修改,/Users/ny/Downloads/5G网络优化教材端到端生产演练_2026-06-22/assets/media/image278.png,True,137135,.png
6625,Ch-0XV7OBVWAQBcpAABe17SFXNA674,/Users/ny/Downloads/5G网络优化教材端到端生产演练_2026-06-22/assets/media/image279.png,True,24279,.png
6636,10,/Users/ny/Downloads/5G网络优化教材端到端生产演练_2026-06-22/assets/media/image280.png,True,55129,.png
6641,,/Users/ny/Downloads/5G网络优化教材端到端生产演练_2026-06-22/assets/media/image281.png,True,25165,.png
6787,,/Users/ny/Downloads/5G网络优化教材端到端生产演练_2026-06-22/assets/media/image283.png,True,39244,.png
6891,,/Users/ny/Downloads/5G网络优化教材端到端生产演练_2026-06-22/assets/media/image284.png,True,1752026,.png
6892,,/Users/ny/Downloads/5G网络优化教材端到端生产演练_2026-06-22/assets/media/image285.png,True,60339,.png
6893,,/Users/ny/Downloads/5G网络优化教材端到端生产演练_2026-06-22/assets/media/image286.png,True,1868816,.png
6920,,/Users/ny/Downloads/5G网络优化教材端到端生产演练_2026-06-22/assets/media/image287.png,True,965010,.png
6931,,/Users/ny/Downloads/5G网络优化教材端到端生产演练_2026-06-22/assets/media/image288.png,True,381864,.png
6938,,/Users/ny/Downloads/5G网络优化教材端到端生产演练_2026-06-22/assets/media/image289.png,True,379211,.png
6945,,/Users/ny/Downloads/5G网络优化教材端到端生产演练_2026-06-22/assets/media/image290.png,True,382038,.png
6952,,/Users/ny/Downloads/5G网络优化教材端到端生产演练_2026-06-22/assets/media/image291.png,True,383172,.png
6959,,/Users/ny/Downloads/5G网络优化教材端到端生产演练_2026-06-22/assets/media/image292.png,True,382412,.png
6966,,/Users/ny/Downloads/5G网络优化教材端到端生产演练_2026-06-22/assets/media/image293.png,True,385944,.png
7003,,/Users/ny/Downloads/5G网络优化教材端到端生产演练_2026-06-22/assets/media/image294.png,True,164321,.png
7010,,/Users/ny/Downloads/5G网络优化教材端到端生产演练_2026-06-22/assets/media/image295.png,True,419437,.png
7023,,/Users/ny/Downloads/5G网络优化教材端到端生产演练_2026-06-22/assets/media/image296.png,True,33341,.png
7036,,/Users/ny/Downloads/5G网络优化教材端到端生产演练_2026-06-22/assets/media/image297.png,True,107994,.png
7045,,/Users/ny/Downloads/5G网络优化教材端到端生产演练_2026-06-22/assets/media/image298.png,True,121489,.png
7050,,/Users/ny/Downloads/5G网络优化教材端到端生产演练_2026-06-22/assets/media/image299.png,True,164014,.png
7262,,/Users/ny/Downloads/5G网络优化教材端到端生产演练_2026-06-22/assets/media/image300.png,True,597789,.png
7273,,/Users/ny/Downloads/5G网络优化教材端到端生产演练_2026-06-22/assets/media/image301.png,True,448147,.png
7358,项目5-高级-知识地图(2),/Users/ny/Downloads/5G网络优化教材端到端生产演练_2026-06-22/assets/media/image302.png,True,94358,.png
7396,,/Users/ny/Downloads/5G网络优化教材端到端生产演练_2026-06-22/assets/media/image303.png,True,37761,.png
7409,,/Users/ny/Downloads/5G网络优化教材端到端生产演练_2026-06-22/assets/media/image304.png,True,249223,.png
7450,,/Users/ny/Downloads/5G网络优化教材端到端生产演练_2026-06-22/assets/media/image305.png,True,609557,.png
7459,,/Users/ny/Downloads/5G网络优化教材端到端生产演练_2026-06-22/assets/media/image306.png,True,461588,.png
7810,,/Users/ny/Downloads/5G网络优化教材端到端生产演练_2026-06-22/assets/media/image307.png,True,17404,.png
8240,,/Users/ny/Downloads/5G网络优化教材端到端生产演练_2026-06-22/assets/media/image308.png,True,340374,.png
8257,,/Users/ny/Downloads/5G网络优化教材端到端生产演练_2026-06-22/assets/media/image309.jpeg,True,24331,.jpeg
8284,,/Users/ny/Downloads/5G网络优化教材端到端生产演练_2026-06-22/assets/media/image310.emf,True,15796,.emf
8318,,/Users/ny/Downloads/5G网络优化教材端到端生产演练_2026-06-22/assets/media/image311.png,True,96279,.png
8466,,/Users/ny/Downloads/5G网络优化教材端到端生产演练_2026-06-22/assets/media/image312.emf,True,21606,.emf
8500,,/Users/ny/Downloads/5G网络优化教材端到端生产演练_2026-06-22/assets/media/image313.png,True,423348,.png
8508,,/Users/ny/Downloads/5G网络优化教材端到端生产演练_2026-06-22/assets/media/image314.png,True,916574,.png
8516,,/Users/ny/Downloads/5G网络优化教材端到端生产演练_2026-06-22/assets/media/image315.png,True,385967,.png
8524,,/Users/ny/Downloads/5G网络优化教材端到端生产演练_2026-06-22/assets/media/image316.png,True,221703,.png
8532,,/Users/ny/Downloads/5G网络优化教材端到端生产演练_2026-06-22/assets/media/image317.png,True,315419,.png
8609,,/Users/ny/Downloads/5G网络优化教材端到端生产演练_2026-06-22/assets/media/image318.png,True,111899,.png
8624,,/Users/ny/Downloads/5G网络优化教材端到端生产演练_2026-06-22/assets/media/image319.png,True,92570,.png
8736,,/Users/ny/Downloads/5G网络优化教材端到端生产演练_2026-06-22/assets/media/image320.png,True,50214,.png
8799,,/Users/ny/Downloads/5G网络优化教材端到端生产演练_2026-06-22/assets/media/image321.png,True,90666,.png
9012,,/Users/ny/Downloads/5G网络优化教材端到端生产演练_2026-06-22/assets/media/image322.png,True,109391,.png
9162,,/Users/ny/Downloads/5G网络优化教材端到端生产演练_2026-06-22/assets/media/image323.png,True,128087,.png
9167,,/Users/ny/Downloads/5G网络优化教材端到端生产演练_2026-06-22/assets/media/image324.png,True,125613,.png
9336,,/Users/ny/Downloads/5G网络优化教材端到端生产演练_2026-06-22/assets/media/image325.png,True,188752,.png
9347,,/Users/ny/Downloads/5G网络优化教材端到端生产演练_2026-06-22/assets/media/image326.png,True,319766,.png
9374,,/Users/ny/Downloads/5G网络优化教材端到端生产演练_2026-06-22/assets/media/image327.png,True,77131,.png
9383,,/Users/ny/Downloads/5G网络优化教材端到端生产演练_2026-06-22/assets/media/image328.png,True,734595,.png
9396,,/Users/ny/Downloads/5G网络优化教材端到端生产演练_2026-06-22/assets/media/image329.png,True,92293,.png
9416,,/Users/ny/Downloads/5G网络优化教材端到端生产演练_2026-06-22/assets/media/image330.png,True,376155,.png
9423,cid:\_Foxmail.1@88c380e2-2c5d-addf-d817-7fa87e54f2d0,/Users/ny/Downloads/5G网络优化教材端到端生产演练_2026-06-22/assets/media/image331.jpeg,True,41596,.jpeg
9432,,/Users/ny/Downloads/5G网络优化教材端到端生产演练_2026-06-22/assets/media/image332.png,True,44470,.png
9442,,/Users/ny/Downloads/5G网络优化教材端到端生产演练_2026-06-22/assets/media/image333.png,True,117127,.png
9449,,/Users/ny/Downloads/5G网络优化教材端到端生产演练_2026-06-22/assets/media/image334.png,True,334246,.png
9477,,/Users/ny/Downloads/5G网络优化教材端到端生产演练_2026-06-22/assets/media/image335.png,True,727712,.png
9500,,/Users/ny/Downloads/5G网络优化教材端到端生产演练_2026-06-22/assets/media/image336.png,True,443160,.png
9513,,/Users/ny/Downloads/5G网络优化教材端到端生产演练_2026-06-22/assets/media/image337.png,True,689807,.png
9534,,/Users/ny/Downloads/5G网络优化教材端到端生产演练_2026-06-22/assets/media/image338.png,True,695378,.png
9549,,/Users/ny/Downloads/5G网络优化教材端到端生产演练_2026-06-22/assets/media/image339.png,True,702973,.png
9566,,/Users/ny/Downloads/5G网络优化教材端到端生产演练_2026-06-22/assets/media/image340.png,True,310479,.png
9581,,/Users/ny/Downloads/5G网络优化教材端到端生产演练_2026-06-22/assets/media/image341.png,True,574336,.png
9591,,/Users/ny/Downloads/5G网络优化教材端到端生产演练_2026-06-22/assets/media/image342.png,True,232987,.png
9604,,/Users/ny/Downloads/5G网络优化教材端到端生产演练_2026-06-22/assets/media/image343.png,True,287179,.png
9635,C:/Users/NJXYD001/AppData/Local/Temp/wps.dtkVHSwps,/Users/ny/Downloads/5G网络优化教材端到端生产演练_2026-06-22/assets/media/image344.png,True,74731,.png
9704,25Registration,/Users/ny/Downloads/5G网络优化教材端到端生产演练_2026-06-22/assets/media/image345.jpeg,True,93405,.jpeg
9733,,/Users/ny/Downloads/5G网络优化教材端到端生产演练_2026-06-22/assets/media/image346.png,True,126685,.png
9734,,/Users/ny/Downloads/5G网络优化教材端到端生产演练_2026-06-22/assets/media/image347.png,True,368500,.png
9756,,/Users/ny/Downloads/5G网络优化教材端到端生产演练_2026-06-22/assets/media/image348.wmf,True,1023394,.wmf
9784,,/Users/ny/Downloads/5G网络优化教材端到端生产演练_2026-06-22/assets/media/image349.png,True,31977,.png
9797,,/Users/ny/Downloads/5G网络优化教材端到端生产演练_2026-06-22/assets/media/image350.png,True,45550,.png
9819,,/Users/ny/Downloads/5G网络优化教材端到端生产演练_2026-06-22/assets/media/image351.png,True,45744,.png
9839,,/Users/ny/Downloads/5G网络优化教材端到端生产演练_2026-06-22/assets/media/image352.png,True,77782,.png
9855,26PDUsetup,/Users/ny/Downloads/5G网络优化教材端到端生产演练_2026-06-22/assets/media/image353.jpeg,True,108854,.jpeg
9902,,/Users/ny/Downloads/5G网络优化教材端到端生产演练_2026-06-22/assets/media/image354.png,True,66600,.png
9909,,/Users/ny/Downloads/5G网络优化教材端到端生产演练_2026-06-22/assets/media/image355.png,True,175386,.png
9924,,/Users/ny/Downloads/5G网络优化教材端到端生产演练_2026-06-22/assets/media/image356.png,True,64018,.png
9937,,/Users/ny/Downloads/5G网络优化教材端到端生产演练_2026-06-22/assets/media/image357.png,True,80941,.png
9957,,/Users/ny/Downloads/5G网络优化教材端到端生产演练_2026-06-22/assets/media/image358.png,True,79868,.png
9960,,/Users/ny/Downloads/5G网络优化教材端到端生产演练_2026-06-22/assets/media/image359.png,True,70548,.png
9963,,/Users/ny/Downloads/5G网络优化教材端到端生产演练_2026-06-22/assets/media/image360.png,True,147813,.png
9974,09RRC配置参数1,/Users/ny/Downloads/5G网络优化教材端到端生产演练_2026-06-22/assets/media/image361.jpeg,True,86415,.jpeg
9983,,/Users/ny/Downloads/5G网络优化教材端到端生产演练_2026-06-22/assets/media/image362.png,True,292794,.png
9991,,/Users/ny/Downloads/5G网络优化教材端到端生产演练_2026-06-22/assets/media/image363.png,True,311317,.png
9998,,/Users/ny/Downloads/5G网络优化教材端到端生产演练_2026-06-22/assets/media/image364.png,True,216470,.png
10005,,/Users/ny/Downloads/5G网络优化教材端到端生产演练_2026-06-22/assets/media/image365.png,True,60765,.png
10006,,/Users/ny/Downloads/5G网络优化教材端到端生产演练_2026-06-22/assets/media/image366.png,True,28669,.png
10030,,/Users/ny/Downloads/5G网络优化教材端到端生产演练_2026-06-22/assets/media/image367.png,True,149633,.png
10037,,/Users/ny/Downloads/5G网络优化教材端到端生产演练_2026-06-22/assets/media/image368.png,True,177877,.png
10042,,/Users/ny/Downloads/5G网络优化教材端到端生产演练_2026-06-22/assets/media/image369.png,True,183135,.png
10098,,/Users/ny/Downloads/5G网络优化教材端到端生产演练_2026-06-22/assets/media/image370.png,True,80902,.png
10157,,/Users/ny/Downloads/5G网络优化教材端到端生产演练_2026-06-22/assets/media/image371.png,True,41031,.png
10168,,/Users/ny/Downloads/5G网络优化教材端到端生产演练_2026-06-22/assets/media/image372.png,True,40232,.png
10193,,/Users/ny/Downloads/5G网络优化教材端到端生产演练_2026-06-22/assets/media/image373.png,True,43615,.png
10268,,/Users/ny/Downloads/5G网络优化教材端到端生产演练_2026-06-22/assets/media/image362.png,True,292794,.png
10275,,/Users/ny/Downloads/5G网络优化教材端到端生产演练_2026-06-22/assets/media/image374.png,True,232035,.png
10282,,/Users/ny/Downloads/5G网络优化教材端到端生产演练_2026-06-22/assets/media/image375.png,True,224816,.png
10299,,/Users/ny/Downloads/5G网络优化教材端到端生产演练_2026-06-22/assets/media/image298.png,True,121489,.png
10306,,/Users/ny/Downloads/5G网络优化教材端到端生产演练_2026-06-22/assets/media/image299.png,True,164014,.png
10322,,/Users/ny/Downloads/5G网络优化教材端到端生产演练_2026-06-22/assets/media/image376.png,True,278211,.png
10331,,/Users/ny/Downloads/5G网络优化教材端到端生产演练_2026-06-22/assets/media/image377.png,True,472267,.png
10332,,/Users/ny/Downloads/5G网络优化教材端到端生产演练_2026-06-22/assets/media/image378.png,True,179474,.png
10345,,/Users/ny/Downloads/5G网络优化教材端到端生产演练_2026-06-22/assets/media/image379.png,True,334356,.png
10346,,/Users/ny/Downloads/5G网络优化教材端到端生产演练_2026-06-22/assets/media/image380.png,True,136878,.png
10353,,/Users/ny/Downloads/5G网络优化教材端到端生产演练_2026-06-22/assets/media/image381.png,True,163074,.png
