binding_id,node_id,node_name,binding_target_id,binding_target_title,binding_type,project_id,task_id,resource_type,learning_activity_type,student_action,student_output,assessment_output,binding_status,audit_status,risk_level,source_file,notes
BV0311-INC-P3T1-001,P3T1-N01,明确5G网管在网络优化中的作用,P3T1-C01,为什么先认识网管任务情境卡,resource_card,P3,P3-T1,task_card,case_intro;task_definition,阅读任务情境，说明5G网管为什么是后续任务入口。,网管作用说明卡,网管作用说明卡,planned,pending_professional_media_review,medium,reports/P3-T1基于V0.3.11主数据补拆验证实施计划.md;reports/P3-T1基于V0.3.11主数据补拆验证报告.md,计划资源或活动，尚未生产正式资源；需专业复核、媒体重绘、学生正文审查和平台验证。
BV0311-INC-P3T1-002,P3T1-N01,明确5G网管在网络优化中的作用,P3T1-W01,网管作用说明工作单,worksheet,P3,P3-T1,worksheet,task_definition;short_explanation,填写网管支撑网络优化的三个作用。,网管作用说明卡,网管作用说明卡,planned,pending_professional_media_review,medium,reports/P3-T1基于V0.3.11主数据补拆验证实施计划.md;reports/P3-T1基于V0.3.11主数据补拆验证报告.md,计划资源或活动，尚未生产正式资源；需专业复核、媒体重绘、学生正文审查和平台验证。
BV0311-INC-P3T1-003,P3T1-N01,明确5G网管在网络优化中的作用,P3T1-ACT01,网管作用归纳活动,learning_activity,P3,P3-T1,task_card,case_intro;classification,把日常运维、告警、参数、性能和智能化功能归类。,网管作用说明卡,网管作用说明卡,planned,pending_professional_media_review,medium,reports/P3-T1基于V0.3.11主数据补拆验证实施计划.md;reports/P3-T1基于V0.3.11主数据补拆验证报告.md,计划资源或活动，尚未生产正式资源；需专业复核、媒体重绘、学生正文审查和平台验证。
BV0311-INC-P3T1-004,P3T1-N02,识别5G网管架构层次与部署组成,P3T1-R01,5G网管架构层次教学化重绘图,resource_card,P3,P3-T1,diagram,diagram_annotation,标注基础设施、虚拟化平台、网管平台、应用和客户端。,网管架构层次标注图,网管架构层次标注图,planned,pending_professional_media_review,high,reports/P3-T1基于V0.3.11主数据补拆验证实施计划.md;reports/P3-T1基于V0.3.11主数据补拆验证报告.md,计划资源或活动，尚未生产正式资源；需专业复核、媒体重绘、学生正文审查和平台验证。
BV0311-INC-P3T1-005,P3T1-N02,识别5G网管架构层次与部署组成,P3T1-W02,架构层次标注工作单,worksheet,P3,P3-T1,worksheet,diagram_annotation,完成架构层次标注并写出各层作用。,网管架构层次标注图,网管架构层次标注图,planned,pending_professional_media_review,high,reports/P3-T1基于V0.3.11主数据补拆验证实施计划.md;reports/P3-T1基于V0.3.11主数据补拆验证报告.md,计划资源或活动，尚未生产正式资源；需专业复核、媒体重绘、学生正文审查和平台验证。
BV0311-INC-P3T1-006,P3T1-N02,识别5G网管架构层次与部署组成,P3T1-ACT02,架构层次拖拽标注活动,learning_activity,P3,P3-T1,interactive_diagram,diagram_annotation,把IaaS、PaaS、SaaS、TECS和网管应用放到合适层。,网管架构层次标注图,网管架构层次标注图,planned,pending_professional_media_review,high,reports/P3-T1基于V0.3.11主数据补拆验证实施计划.md;reports/P3-T1基于V0.3.11主数据补拆验证报告.md,计划资源或活动，尚未生产正式资源；需专业复核、媒体重绘、学生正文审查和平台验证。
BV0311-INC-P3T1-007,P3T1-N03,区分5G网管软硬件组成与部署边界,P3T1-R02,软硬件组成对照表资源,resource_card,P3,P3-T1,comparison_table,classification,阅读服务器、TECS、虚拟网管平台、APP和客户端对应关系。,软硬件组成对照表,软硬件组成对照表,planned,pending_professional_media_review,high,reports/P3-T1基于V0.3.11主数据补拆验证实施计划.md;reports/P3-T1基于V0.3.11主数据补拆验证报告.md,计划资源或活动，尚未生产正式资源；需专业复核、媒体重绘、学生正文审查和平台验证。
BV0311-INC-P3T1-008,P3T1-N03,区分5G网管软硬件组成与部署边界,P3T1-W03,软硬件组成分类表,worksheet,P3,P3-T1,worksheet,classification,把软硬件组成对象填入部署层。,软硬件组成对照表,软硬件组成对照表,planned,pending_professional_media_review,high,reports/P3-T1基于V0.3.11主数据补拆验证实施计划.md;reports/P3-T1基于V0.3.11主数据补拆验证报告.md,计划资源或活动，尚未生产正式资源；需专业复核、媒体重绘、学生正文审查和平台验证。
BV0311-INC-P3T1-009,P3T1-N03,区分5G网管软硬件组成与部署边界,P3T1-ACT03,部署边界判断活动,learning_activity,P3,P3-T1,comparison_table,boundary_checking,判断哪些对象属于底层资源、平台层、应用层或访问端。,软硬件组成对照表,软硬件组成对照表,planned,pending_professional_media_review,high,reports/P3-T1基于V0.3.11主数据补拆验证实施计划.md;reports/P3-T1基于V0.3.11主数据补拆验证报告.md,计划资源或活动，尚未生产正式资源；需专业复核、媒体重绘、学生正文审查和平台验证。
BV0311-INC-P3T1-010,P3T1-N04,识别5G网管功能组件与管理对象,P3T1-R03,功能组件用途表资源,resource_card,P3,P3-T1,function_table,module_matching,识读系统管理、自运维、智能运维、无线应用和公共应用用途。,功能组件用途表,功能组件用途表,planned,pending_professional_media_review,high,reports/P3-T1基于V0.3.11主数据补拆验证实施计划.md;reports/P3-T1基于V0.3.11主数据补拆验证报告.md,计划资源或活动，尚未生产正式资源；需专业复核、媒体重绘、学生正文审查和平台验证。
BV0311-INC-P3T1-011,P3T1-N04,识别5G网管功能组件与管理对象,P3T1-W04,功能组件用途匹配表,worksheet,P3,P3-T1,worksheet,module_matching,匹配功能组件、管理对象和典型任务。,功能组件用途表,功能组件用途表,planned,pending_professional_media_review,high,reports/P3-T1基于V0.3.11主数据补拆验证实施计划.md;reports/P3-T1基于V0.3.11主数据补拆验证报告.md,计划资源或活动，尚未生产正式资源；需专业复核、媒体重绘、学生正文审查和平台验证。
BV0311-INC-P3T1-012,P3T1-N04,识别5G网管功能组件与管理对象,P3T1-ACT04,功能组件匹配活动,learning_activity,P3,P3-T1,interactive_table,module_matching,把告警、日志、备份、性能、信令、拓扑等对象匹配到功能组件。,功能组件用途表,功能组件用途表,planned,pending_professional_media_review,high,reports/P3-T1基于V0.3.11主数据补拆验证实施计划.md;reports/P3-T1基于V0.3.11主数据补拆验证报告.md,计划资源或活动，尚未生产正式资源；需专业复核、媒体重绘、学生正文审查和平台验证。
BV0311-INC-P3T1-013,P3T1-N05,定位仿真实训系统中的典型任务入口,P3T1-R04,仿真实训系统入口教学化标注图,resource_card,P3,P3-T1,interface_diagram,interface_locator,在教学化界面图中定位数据采集、网络测试、信令分析和性能入口。,网管功能入口定位单,网管功能入口定位单,planned,pending_professional_media_review,high,reports/P3-T1基于V0.3.11主数据补拆验证实施计划.md;reports/P3-T1基于V0.3.11主数据补拆验证报告.md,计划资源或活动，尚未生产正式资源；需专业复核、媒体重绘、学生正文审查和平台验证。
BV0311-INC-P3T1-014,P3T1-N05,定位仿真实训系统中的典型任务入口,P3T1-W05,网管功能入口定位单,worksheet,P3,P3-T1,worksheet,interface_locator,标注每个入口服务的后续学习任务。,网管功能入口定位单,网管功能入口定位单,planned,pending_professional_media_review,high,reports/P3-T1基于V0.3.11主数据补拆验证实施计划.md;reports/P3-T1基于V0.3.11主数据补拆验证报告.md,计划资源或活动，尚未生产正式资源；需专业复核、媒体重绘、学生正文审查和平台验证。
BV0311-INC-P3T1-015,P3T1-N05,定位仿真实训系统中的典型任务入口,P3T1-ACT05,入口定位交互活动,learning_activity,P3,P3-T1,interactive_image,interface_locator;task_routing,点击或标注典型入口并选择对应任务。,网管功能入口定位单,网管功能入口定位单,planned,pending_professional_media_review,high,reports/P3-T1基于V0.3.11主数据补拆验证实施计划.md;reports/P3-T1基于V0.3.11主数据补拆验证报告.md,计划资源或活动，尚未生产正式资源；需专业复核、媒体重绘、学生正文审查和平台验证。
BV0311-INC-P3T1-016,P3T1-N06,建立功能入口与后续学习任务的映射,P3T1-R05,功能到任务映射示意图,resource_card,P3,P3-T1,mapping_graph,task_routing;graph_navigation,查看网管入口如何连接P1、P2、P3、P5和P6任务。,功能到任务映射表,功能到任务映射表,planned,pending_professional_media_review,medium,reports/P3-T1基于V0.3.11主数据补拆验证实施计划.md;reports/P3-T1基于V0.3.11主数据补拆验证报告.md,计划资源或活动，尚未生产正式资源；需专业复核、媒体重绘、学生正文审查和平台验证。
BV0311-INC-P3T1-017,P3T1-N06,建立功能入口与后续学习任务的映射,P3T1-W06,功能到任务映射表,worksheet,P3,P3-T1,mapping_table,task_routing,填写功能入口与后续项目任务的对应关系。,功能到任务映射表,功能到任务映射表,planned,pending_professional_media_review,medium,reports/P3-T1基于V0.3.11主数据补拆验证实施计划.md;reports/P3-T1基于V0.3.11主数据补拆验证报告.md,计划资源或活动，尚未生产正式资源；需专业复核、媒体重绘、学生正文审查和平台验证。
BV0311-INC-P3T1-018,P3T1-N06,建立功能入口与后续学习任务的映射,P3T1-ACT06,学习路径路由活动,learning_activity,P3,P3-T1,interactive_graph,graph_navigation;task_routing,从一个功能入口选择下一步应进入的项目任务。,功能到任务映射表,功能到任务映射表,planned,pending_professional_media_review,medium,reports/P3-T1基于V0.3.11主数据补拆验证实施计划.md;reports/P3-T1基于V0.3.11主数据补拆验证报告.md,计划资源或活动，尚未生产正式资源；需专业复核、媒体重绘、学生正文审查和平台验证。
BV0311-INC-P3T1-019,P3T1-N07,判断账号权限、数据范围与学习边界,P3T1-R06,权限与学习边界说明卡,resource_card,P3,P3-T1,boundary_card,boundary_checking,阅读学生账号、教学仿真和真实工程授权边界说明。,网管使用边界说明单,网管使用边界说明单,planned,pending_professional_media_review,high,reports/P3-T1基于V0.3.11主数据补拆验证实施计划.md;reports/P3-T1基于V0.3.11主数据补拆验证报告.md,计划资源或活动，尚未生产正式资源；需专业复核、媒体重绘、学生正文审查和平台验证。
BV0311-INC-P3T1-020,P3T1-N07,判断账号权限、数据范围与学习边界,P3T1-W07,网管使用边界说明单,worksheet,P3,P3-T1,worksheet,boundary_checking;risk_judgement,判断哪些功能可查看、可教学模拟、不可真实操作。,网管使用边界说明单,网管使用边界说明单,planned,pending_professional_media_review,high,reports/P3-T1基于V0.3.11主数据补拆验证实施计划.md;reports/P3-T1基于V0.3.11主数据补拆验证报告.md,计划资源或活动，尚未生产正式资源；需专业复核、媒体重绘、学生正文审查和平台验证。
BV0311-INC-P3T1-021,P3T1-N07,判断账号权限、数据范围与学习边界,P3T1-ACT07,权限边界判断活动,learning_activity,P3,P3-T1,scenario_judgement,risk_judgement;boundary_checking,根据账号和任务场景判断操作边界。,网管使用边界说明单,网管使用边界说明单,planned,pending_professional_media_review,high,reports/P3-T1基于V0.3.11主数据补拆验证实施计划.md;reports/P3-T1基于V0.3.11主数据补拆验证报告.md,计划资源或活动，尚未生产正式资源；需专业复核、媒体重绘、学生正文审查和平台验证。
