v03_record_id,node_id,node_name,node_layer,parent_node_id,project_id,project_title,task_id,task_title,primary_job_process_id,secondary_job_process_ids,primary_ability_unit_id,secondary_ability_unit_ids,source_type,source_ref_id,source_maturity,student_title,student_learning_goal,student_action,student_output,assessment_output,resource_card_ids,resource_type,learning_activity_type,node_status,audit_status,review_required_type,risk_level,media_handling_status,professional_risk_type,version_status,v03_maturity,source_files,notes
N-V03-0001,COURSE-5G-NETOPT,5G网络优化教材（高级）,course_root,not_applicable,not_applicable,,not_applicable,,not_applicable,,not_applicable,,original_textbook;overall_prototype,5G网络优化教材（高级).docx;overall-0.2,skeleton_from_input,5G网络优化教材（高级）,按项目任务逐步学习网络优化、验证、提升和复盘。,进入课程项目链并选择学习任务。,课程学习记录和任务产出集合,整课学习成果档案,,,,baseline,pending_editorial_review,editorial;professional;platform,medium,,,current,course_skeleton,samples/digital_textbook_overall_prototype/data.js,V0.3根节点，用于统一挂接项目、任务、详细能力节点、资源和生成物。
N-V03-0002,B-01,专业教学标准,basis,COURSE-5G-NETOPT,not_applicable,,not_applicable,,not_applicable,,not_applicable,,policy_document;professional_standard;digital_textbook_standard;ai_inference,reports/课程能力图谱V2优化方案.md,summary_basis,专业教学标准,移动通信网络规划与优化涉及站点勘察、网络测试、数据分析、信令分析、优化方案、优化实施和报告输出。,不直接面向学生，作为课程能力图谱依据层。,not_applicable,not_applicable,,,,baseline,pending_editorial_review,editorial;professional,medium,,,current,basis_summary,samples/course_capability_graph_v2_optimized/data.js,移动通信网络规划与优化涉及站点勘察、网络测试、数据分析、信令分析、优化方案、优化实施和报告输出。
N-V03-0003,B-02,岗位任务,basis,COURSE-5G-NETOPT,not_applicable,,not_applicable,,not_applicable,,not_applicable,,policy_document;professional_standard;digital_textbook_standard;ai_inference,reports/课程能力图谱V2优化方案.md,summary_basis,岗位任务,面向信息通信网络运行、维护、管理与优化，强调分析网络运行状况、提出优化建议、制定方案、评估效果。,不直接面向学生，作为课程能力图谱依据层。,not_applicable,not_applicable,,,,baseline,pending_editorial_review,editorial;professional,medium,,,current,basis_summary,samples/course_capability_graph_v2_optimized/data.js,面向信息通信网络运行、维护、管理与优化，强调分析网络运行状况、提出优化建议、制定方案、评估效果。
N-V03-0004,B-03,数字教材标准,basis,COURSE-5G-NETOPT,not_applicable,,not_applicable,,not_applicable,,not_applicable,,policy_document;professional_standard;digital_textbook_standard;ai_inference,reports/课程能力图谱V2优化方案.md,summary_basis,数字教材标准,资源、题目、实训任务、评价、审核状态和使用数据需要结构化挂接。,不直接面向学生，作为课程能力图谱依据层。,not_applicable,not_applicable,,,,baseline,pending_editorial_review,editorial;professional,medium,,,current,basis_summary,samples/course_capability_graph_v2_optimized/data.js,资源、题目、实训任务、评价、审核状态和使用数据需要结构化挂接。
N-V03-0005,B-04,职业教育关键要素改革,basis,COURSE-5G-NETOPT,not_applicable,,not_applicable,,not_applicable,,not_applicable,,policy_document;professional_standard;digital_textbook_standard;ai_inference,reports/课程能力图谱V2优化方案.md,summary_basis,职业教育关键要素改革,课程能力图谱应按产业环节、生产流程和职业逻辑组织，而不是按传统章节孤立组织。,不直接面向学生，作为课程能力图谱依据层。,not_applicable,not_applicable,,,,baseline,pending_editorial_review,editorial;professional,medium,,,current,basis_summary,samples/course_capability_graph_v2_optimized/data.js,课程能力图谱应按产业环节、生产流程和职业逻辑组织，而不是按传统章节孤立组织。
N-V03-0006,JP-01,明确场景与需求,job_process,B-01;B-04,not_applicable,,P1-T1;P1-T2;P1-T3,,JP-01,,not_applicable,,professional_standard;job_analysis;ai_inference,reports/课程能力图谱V2优化方案.md,job_process_baseline,明确场景与需求,收集站点、场景、投诉和业务需求，判断要解决什么问题。,作为项目任务组织的岗位过程，不单独作为学生任务。,not_applicable,not_applicable,,,,baseline,pending_professional_review,professional;editorial,medium,,,current,job_process_baseline,samples/course_capability_graph_v2_optimized/data.js,关联任务：P1-T1;P1-T2;P1-T3
N-V03-0007,JP-02,组织测试与采集数据,job_process,B-01;B-04,not_applicable,,P2-T1,,JP-02,,not_applicable,,professional_standard;job_analysis;ai_inference,reports/课程能力图谱V2优化方案.md,job_process_baseline,组织测试与采集数据,设计并执行DT/CQT、业务体验和必要专项测试。,作为项目任务组织的岗位过程，不单独作为学生任务。,not_applicable,not_applicable,,,,baseline,pending_professional_review,professional;editorial,medium,,,current,job_process_baseline,samples/course_capability_graph_v2_optimized/data.js,关联任务：P2-T1
N-V03-0008,JP-03,整理数据与识读指标,job_process,B-01;B-03,not_applicable,,P2-T2;P2-T3;P3-T2;P3-T3,,JP-03,,not_applicable,,professional_standard;job_analysis;ai_inference,reports/课程能力图谱V2优化方案.md,job_process_baseline,整理数据与识读指标,处理测试、监控、参数和日志材料，形成可判断的数据基础。,作为项目任务组织的岗位过程，不单独作为学生任务。,not_applicable,not_applicable,,,,baseline,pending_professional_review,professional;editorial,medium,,,current,job_process_baseline,samples/course_capability_graph_v2_optimized/data.js,关联任务：P2-T2;P2-T3;P3-T2;P3-T3
N-V03-0009,JP-04,定位问题与制定方案,job_process,B-01;B-02,not_applicable,,P2-T2;P3-T3;P4-T1,,JP-04,,not_applicable,,professional_standard;job_analysis;ai_inference,reports/课程能力图谱V2优化方案.md,job_process_baseline,定位问题与制定方案,识别覆盖、干扰、切换、容量、体验等问题，并形成优化方案。,作为项目任务组织的岗位过程，不单独作为学生任务。,not_applicable,not_applicable,,,,baseline,pending_professional_review,professional;editorial,medium,,,current,job_process_baseline,samples/course_capability_graph_v2_optimized/data.js,关联任务：P2-T2;P3-T3;P4-T1
N-V03-0010,JP-05,实施优化与记录变更,job_process,B-02,not_applicable,,P3-T4;P4-T1,,JP-05,,not_applicable,,professional_standard;job_analysis;ai_inference,reports/课程能力图谱V2优化方案.md,job_process_baseline,实施优化与记录变更,执行参数、工程、容量或策略优化，并记录实施依据。,作为项目任务组织的岗位过程，不单独作为学生任务。,not_applicable,not_applicable,,,,baseline,pending_professional_review,professional;editorial,medium,,,current,job_process_baseline,samples/course_capability_graph_v2_optimized/data.js,关联任务：P3-T4;P4-T1
N-V03-0011,JP-06,验证效果与表达结论,job_process,B-01;B-03,not_applicable,,P4-T2;P4-T3,,JP-06,,not_applicable,,professional_standard;job_analysis;ai_inference,reports/课程能力图谱V2优化方案.md,job_process_baseline,验证效果与表达结论,复测优化效果，形成判断、依据、边界和报告表达。,作为项目任务组织的岗位过程，不单独作为学生任务。,not_applicable,not_applicable,,,,baseline,pending_professional_review,professional;editorial,medium,,,current,job_process_baseline,samples/course_capability_graph_v2_optimized/data.js,关联任务：P4-T2;P4-T3
N-V03-0012,JP-07,持续提升与复杂复盘,job_process,B-01;B-02,not_applicable,,P5-T1;P5-T2;P5-T3;P6-T1;P6-T2,,JP-07,,not_applicable,,professional_standard;job_analysis;ai_inference,reports/课程能力图谱V2优化方案.md,job_process_baseline,持续提升与复杂复盘,对未闭环问题做性能提升、信令分析和复杂问题复盘。,作为项目任务组织的岗位过程，不单独作为学生任务。,not_applicable,not_applicable,,,,baseline,pending_professional_review,professional;editorial,medium,,,current,job_process_baseline,samples/course_capability_graph_v2_optimized/data.js,关联任务：P5-T1;P5-T2;P5-T3;P6-T1;P6-T2
N-V03-0013,AU-01,场景、站点与投诉信息采集,ability_unit,JP-01,not_applicable,,P1-T1;P1-T2;P1-T3,,JP-01,,AU-01,,professional_standard;job_analysis;ai_inference,reports/课程能力图谱V2优化方案.md;reports/课程能力图谱V2节点与映射表.csv,skeleton_from_input,场景、站点与投诉信息采集,能采集并整理站点、环境、投诉和场景信息。,采集核验、投诉归类,采集清单、投诉映射,采集清单、投诉映射,pending,采集表、投诉单、场景图,采集核验、投诉归类,draft,pending_professional_review,professional;editorial,low,,,current,ability_unit_skeleton,samples/course_capability_graph_v2_optimized/data.js,待细化
N-V03-0014,AU-02,测试准备与测试执行,ability_unit,JP-02,not_applicable,,P2-T1,,JP-02,,AU-02,,professional_standard;job_analysis;ai_inference,reports/课程能力图谱V2优化方案.md;reports/课程能力图谱V2节点与映射表.csv,skeleton_from_input,测试准备与测试执行,能完成DT/CQT测试准备和执行。,测试准备核对、流程排序,测试执行记录,测试执行记录,pending,测试任务书、路线图、工具清单,测试准备核对、流程排序,draft,pending_professional_review,professional;editorial,low,,,current,ability_unit_skeleton,samples/course_capability_graph_v2_optimized/data.js,待细化
N-V03-0015,AU-03,测试问题处理与数据分析,ability_unit,JP-03,not_applicable,,P2-T2;P2-T3,,JP-03,,AU-03,,professional_standard;job_analysis;ai_inference,reports/课程能力图谱V2优化方案.md;reports/课程能力图谱V2节点与映射表.csv,validated_by_trial_split,测试问题处理与数据分析,能处理测试问题并分析测试数据。,读表标注、问题归因,测试数据分析结论,测试数据分析结论,pending,测试指标表、问题日志、轨迹图,读表标注、问题归因,baseline,pending_professional_review,professional;editorial,medium,,,current,ability_unit_trial_validated,samples/course_capability_graph_v2_optimized/data.js,P2-T3已试拆；待专业复核
N-V03-0016,AU-04,网管、监控与参数信息管理,ability_unit,JP-03,not_applicable,,P3-T1;P3-T2;P3-T3;P3-T4,,JP-03,,AU-04,,professional_standard;job_analysis;ai_inference,reports/课程能力图谱V2优化方案.md;reports/课程能力图谱V2节点与映射表.csv,skeleton_from_input,网管、监控与参数信息管理,能识别网管功能、监控运行状态并管理参数。,运行状态读表、参数检查,监控异常记录、参数异常清单,监控异常记录、参数异常清单,pending,网管结构图、监控表、参数表,运行状态读表、参数检查,draft,pending_professional_review,professional;editorial,low,,,current,ability_unit_skeleton,samples/course_capability_graph_v2_optimized/data.js,待细化
N-V03-0017,AU-05,网络问题定位与方案制定,ability_unit,JP-04,not_applicable,,P2-T2;P3-T3;P4-T1,,JP-04,,AU-05,,professional_standard;job_analysis;ai_inference,reports/课程能力图谱V2优化方案.md;reports/课程能力图谱V2节点与映射表.csv,skeleton_from_input,网络问题定位与方案制定,能从现象和数据定位问题并选择优化动作。,问题归因、动作匹配,优化方案草案,优化方案草案,pending,问题清单、方案卡、参数对比,问题归因、动作匹配,draft,pending_professional_review,professional;editorial,low,,,current,ability_unit_skeleton,samples/course_capability_graph_v2_optimized/data.js,待细化
N-V03-0018,AU-06,优化实施与变更记录,ability_unit,JP-05,not_applicable,,P3-T4;P4-T1,,JP-05,,AU-06,,professional_standard;job_analysis;ai_inference,reports/课程能力图谱V2优化方案.md;reports/课程能力图谱V2节点与映射表.csv,skeleton_from_input,优化实施与变更记录,能执行优化方案并保留变更记录。,步骤排序、风险确认,优化实施记录,优化实施记录,pending,操作流程、变更记录表,步骤排序、风险确认,draft,pending_professional_review,professional;editorial,low,,,current,ability_unit_skeleton,samples/course_capability_graph_v2_optimized/data.js,待细化
N-V03-0019,AU-07,优化结果验证,ability_unit,JP-06,not_applicable,,P4-T2,,JP-06,,AU-07,,professional_standard;job_analysis;ai_inference,reports/课程能力图谱V2优化方案.md;reports/课程能力图谱V2节点与映射表.csv,validated_by_trial_split,优化结果验证,能判断优化是否达标，并说明依据和边界。,投诉归类、流程排序、指标标注、依据分类,验收结论,验收结论,pending,指标表、投诉线索卡、学习单、结论卡,投诉归类、流程排序、指标标注、依据分类,baseline,pending_professional_review,professional;editorial,medium,,,current,ability_unit_trial_validated,samples/course_capability_graph_v2_optimized/data.js,已深展开；待专业复核
N-V03-0020,AU-08,优化报告与职业表达,ability_unit,JP-06,not_applicable,,P4-T3,,JP-06,,AU-08,,professional_standard;job_analysis;ai_inference,reports/课程能力图谱V2优化方案.md;reports/课程能力图谱V2节点与映射表.csv,skeleton_from_input,优化报告与职业表达,能将验证结论整理为优化报告和可讲评表达。,报告结构组织、结论修订,优化报告输出样例,优化报告输出样例,pending,报告模板、结论示例、修改量规,报告结构组织、结论修订,draft,pending_professional_review,professional;editorial,low,,,current,ability_unit_skeleton,samples/course_capability_graph_v2_optimized/data.js,待细化
N-V03-0021,AU-09,全网性能提升与复测,ability_unit,JP-07,not_applicable,,P5-T1;P5-T2;P5-T3,,JP-07,,AU-09,,professional_standard;job_analysis;ai_inference,reports/课程能力图谱V2优化方案.md;reports/课程能力图谱V2节点与映射表.csv,validated_by_trial_split,全网性能提升与复测,能采集全网指标、实施性能提升并复测效果。,性能对比、方案选择、复测判断,性能提升验证结论,性能提升验证结论,pending,全网KPI、性能对比图、复测记录,性能对比、方案选择、复测判断,baseline,pending_professional_review,professional;editorial,medium,,,current,ability_unit_trial_validated,samples/course_capability_graph_v2_optimized/data.js,P5-T3已试拆；有条件成立；待专业复核和媒体审查
N-V03-0022,AU-10,信令分析与复杂问题复盘,ability_unit,JP-07,not_applicable,,P6-T1;P6-T2,,JP-07,,AU-10,,professional_standard;job_analysis;ai_inference,reports/课程能力图谱V2优化方案.md;reports/课程能力图谱V2节点与映射表.csv,validated_by_trial_split,信令分析与复杂问题复盘,能解析关键流程并定位复杂信令问题。,流程标注、异常定位、复盘表达,信令分析结论,信令分析结论,pending,信令流程图、异常日志、复盘单,流程标注、异常定位、复盘表达,baseline,pending_professional_review,professional;editorial,medium,,,current,ability_unit_trial_validated,samples/course_capability_graph_v2_optimized/data.js,P6-T2已试拆；有条件成立；待专业复核和媒体审查
N-V03-0023,CG-01,信息采集,course_mainline,COURSE-5G-NETOPT,P1,,not_applicable,,not_applicable,,not_applicable,,original_textbook;overall_prototype;ai_inference,samples/digital_textbook_overall_prototype/data.js,course_skeleton,信息采集,收集投诉、环境、设备和测试前置信息。,按课程主链定位当前项目任务。,学习路径定位,not_applicable,,,,draft,pending_editorial_review,editorial;professional,low,,,current,course_mainline_skeleton,samples/digital_textbook_overall_prototype/data.js,next=CG-02
N-V03-0024,CG-02,网络测试,course_mainline,COURSE-5G-NETOPT,P2,,not_applicable,,not_applicable,,not_applicable,,original_textbook;overall_prototype;ai_inference,samples/digital_textbook_overall_prototype/data.js,course_skeleton,网络测试,完成DT/CQT测试、问题处理和测试数据分析。,按课程主链定位当前项目任务。,学习路径定位,not_applicable,,,,draft,pending_editorial_review,editorial;professional,low,,,current,course_mainline_skeleton,samples/digital_textbook_overall_prototype/data.js,next=CG-03
N-V03-0025,CG-03,信息管理,course_mainline,COURSE-5G-NETOPT,P3,,not_applicable,,not_applicable,,not_applicable,,original_textbook;overall_prototype;ai_inference,samples/digital_textbook_overall_prototype/data.js,course_skeleton,信息管理,整理网管、运行监控和参数信息。,按课程主链定位当前项目任务。,学习路径定位,not_applicable,,,,draft,pending_editorial_review,editorial;professional,low,,,current,course_mainline_skeleton,samples/digital_textbook_overall_prototype/data.js,next=CG-04
N-V03-0026,CG-04,优化实施,course_mainline,COURSE-5G-NETOPT,P4,,not_applicable,,not_applicable,,not_applicable,,original_textbook;overall_prototype;ai_inference,samples/digital_textbook_overall_prototype/data.js,course_skeleton,优化实施,实施优化方案，是结果验证的直接前置环节。,按课程主链定位当前项目任务。,学习路径定位,not_applicable,,,,draft,pending_editorial_review,editorial;professional,low,,,current,course_mainline_skeleton,samples/digital_textbook_overall_prototype/data.js,next=CG-05
N-V03-0027,CG-05,结果验证,course_mainline,COURSE-5G-NETOPT,P4,,not_applicable,,not_applicable,,not_applicable,,original_textbook;overall_prototype;ai_inference,samples/digital_textbook_overall_prototype/data.js,course_skeleton,结果验证,复核优化后是否达到目标，当前以P4-T2作为深样章。,按课程主链定位当前项目任务。,学习路径定位,not_applicable,,,,review_ready,pending_editorial_review,editorial;professional,medium,,,current,course_mainline_skeleton,samples/digital_textbook_overall_prototype/data.js,next=CG-06
N-V03-0028,CG-06,性能提升,course_mainline,COURSE-5G-NETOPT,P5,,not_applicable,,not_applicable,,not_applicable,,original_textbook;overall_prototype;ai_inference,samples/digital_textbook_overall_prototype/data.js,course_skeleton,性能提升,在验收基础上继续做全网性能提升。,按课程主链定位当前项目任务。,学习路径定位,not_applicable,,,,draft,pending_editorial_review,editorial;professional,low,,,current,course_mainline_skeleton,samples/digital_textbook_overall_prototype/data.js,next=CG-07
N-V03-0029,CG-07,信令分析,course_mainline,COURSE-5G-NETOPT,P6,,not_applicable,,not_applicable,,not_applicable,,original_textbook;overall_prototype;ai_inference,samples/digital_textbook_overall_prototype/data.js,course_skeleton,信令分析,面向复杂问题进行信令级分析和优化。,按课程主链定位当前项目任务。,学习路径定位,not_applicable,,,,draft,pending_editorial_review,editorial;professional,low,,,current,course_mainline_skeleton,samples/digital_textbook_overall_prototype/data.js,next=none
N-V03-0030,P1,项目一：5G网络信息采集,project,CG-01,P1,项目一：5G网络信息采集,P1-T1;P1-T2;P1-T3,任务1：室内环境信息采集;任务2：室外环境信息采集;任务3：投诉信息采集,not_applicable,,not_applicable,,original_textbook;overall_prototype,reports/fullbook_structure.json;reports/task_inventory.csv;samples/digital_textbook_overall_prototype/data.js,skeleton_from_input,项目一：5G网络信息采集,完成室内、室外和投诉信息采集，为后续测试和优化建立事实基础。,选择项目并进入任务链。,采集信息完整性记录;室外环境采集清单;投诉线索到验证对象的初步映射,采集信息完整性记录;室外环境采集清单;投诉线索到验证对象的初步映射,,,,draft,pending_editorial_review,editorial;professional,low,,,current,project_skeleton,samples/digital_textbook_overall_prototype/data.js,结构占位
N-V03-0031,P1-T1,任务1：室内环境信息采集,project_task,P1,P1,项目一：5G网络信息采集,P1-T1,任务1：室内环境信息采集,not_applicable,,not_applicable,,original_textbook;overall_prototype,reports/task_inventory.csv;samples/digital_textbook_overall_prototype/data.js,skeleton_from_input,任务1：室内环境信息采集,室内信息核验,室内信息核验,采集信息完整性记录,采集信息完整性记录,,,,draft,source_extracted,professional;editorial,low,,,current,task_skeleton_only,samples/digital_textbook_overall_prototype/data.js,结构占位
N-V03-0032,P1-T2,任务2：室外环境信息采集,project_task,P1,P1,项目一：5G网络信息采集,P1-T2,任务2：室外环境信息采集,not_applicable,,not_applicable,,original_textbook;overall_prototype,reports/task_inventory.csv;samples/digital_textbook_overall_prototype/data.js,skeleton_from_input,任务2：室外环境信息采集,室外场景信息整理,室外场景信息整理,室外环境采集清单,室外环境采集清单,,,,draft,source_extracted,professional;editorial,low,,,current,task_skeleton_only,samples/digital_textbook_overall_prototype/data.js,结构占位
N-V03-0033,P1-T3,任务3：投诉信息采集,project_task,P1,P1,项目一：5G网络信息采集,P1-T3,任务3：投诉信息采集,not_applicable,,not_applicable,,original_textbook;overall_prototype,reports/task_inventory.csv;samples/digital_textbook_overall_prototype/data.js,skeleton_from_input,任务3：投诉信息采集,投诉线索分类,投诉线索分类,投诉线索到验证对象的初步映射,投诉线索到验证对象的初步映射,,,,draft,source_extracted,professional;editorial,low,,,current,task_skeleton_only,samples/digital_textbook_overall_prototype/data.js,结构占位
N-V03-0034,P2,项目二：5G网络测试,project,CG-02,P2,项目二：5G网络测试,P2-T1;P2-T2;P2-T3,任务1：DT/CQT测试准备和执行;任务2：5G网络测试问题处理;任务3：5G网络测试数据分析,not_applicable,,not_applicable,,original_textbook;overall_prototype,reports/fullbook_structure.json;reports/task_inventory.csv;samples/digital_textbook_overall_prototype/data.js,skeleton_from_input,项目二：5G网络测试,完成DT/CQT测试、测试问题处理和测试数据分析，为优化提供可复核数据。,选择项目并进入任务链。,测试执行记录;问题处理记录和依据说明;测试数据分析结论,测试执行记录;问题处理记录和依据说明;测试数据分析结论,,,,draft,pending_editorial_review,editorial;professional,low,,,current,project_skeleton,samples/digital_textbook_overall_prototype/data.js,结构占位
N-V03-0035,P2-T1,任务1：DT/CQT测试准备和执行,project_task,P2,P2,项目二：5G网络测试,P2-T1,任务1：DT/CQT测试准备和执行,not_applicable,,not_applicable,,original_textbook;overall_prototype,reports/task_inventory.csv;samples/digital_textbook_overall_prototype/data.js,skeleton_from_input,任务1：DT/CQT测试准备和执行,测试准备与执行流程排序,测试准备与执行流程排序,测试执行记录,测试执行记录,,,,draft,source_extracted,professional;editorial,low,,,current,task_skeleton_only,samples/digital_textbook_overall_prototype/data.js,结构占位
N-V03-0036,P2-T2,任务2：5G网络测试问题处理,project_task,P2,P2,项目二：5G网络测试,P2-T2,任务2：5G网络测试问题处理,not_applicable,,not_applicable,,original_textbook;overall_prototype,reports/task_inventory.csv;samples/digital_textbook_overall_prototype/data.js,skeleton_from_input,任务2：5G网络测试问题处理,测试问题归因,测试问题归因,问题处理记录和依据说明,问题处理记录和依据说明,,,,draft,source_extracted,professional;editorial,low,,,current,task_skeleton_only,samples/digital_textbook_overall_prototype/data.js,结构占位
N-V03-0037,P2-T3,任务3：5G网络测试数据分析,project_task,P2,P2,项目二：5G网络测试,P2-T3,任务3：5G网络测试数据分析,not_applicable,,not_applicable,,original_textbook;overall_prototype,reports/task_inventory.csv;samples/digital_textbook_overall_prototype/data.js,skeleton_from_input,任务3：5G网络测试数据分析,测试数据读表与判断,测试数据读表与判断,测试数据分析结论,测试数据分析结论,,,,draft,source_extracted,professional;editorial,low,,,current,task_skeleton_only,samples/digital_textbook_overall_prototype/data.js,结构占位
N-V03-0038,P3,项目三：5G网络信息管理,project,CG-03,P3,项目三：5G网络信息管理,P3-T1;P3-T2;P3-T3;P3-T4,任务1：5G网管架构和功能;任务2：5G网络运行监控;任务3：5G网络参数检查;任务4：5G网络参数设置,not_applicable,,not_applicable,,original_textbook;overall_prototype,reports/fullbook_structure.json;reports/task_inventory.csv;samples/digital_textbook_overall_prototype/data.js,skeleton_from_input,项目三：5G网络信息管理,识别网管架构、监控运行状态、检查并设置参数，形成可管理的信息基础。,选择项目并进入任务链。,网管功能用途说明;监控异常识别记录;参数异常清单;参数设置记录,网管功能用途说明;监控异常识别记录;参数异常清单;参数设置记录,,,,draft,pending_editorial_review,editorial;professional,low,,,current,project_skeleton,samples/digital_textbook_overall_prototype/data.js,结构占位
N-V03-0039,P3-T1,任务1：5G网管架构和功能,project_task,P3,P3,项目三：5G网络信息管理,P3-T1,任务1：5G网管架构和功能,not_applicable,,not_applicable,,original_textbook;overall_prototype,reports/task_inventory.csv;samples/digital_textbook_overall_prototype/data.js,skeleton_from_input,任务1：5G网管架构和功能,网管功能识别,网管功能识别,网管功能用途说明,网管功能用途说明,,,,draft,source_extracted,professional;editorial,low,,,current,task_skeleton_only,samples/digital_textbook_overall_prototype/data.js,结构占位
N-V03-0040,P3-T2,任务2：5G网络运行监控,project_task,P3,P3,项目三：5G网络信息管理,P3-T2,任务2：5G网络运行监控,not_applicable,,not_applicable,,original_textbook;overall_prototype,reports/task_inventory.csv;samples/digital_textbook_overall_prototype/data.js,skeleton_from_input,任务2：5G网络运行监控,运行状态读表,运行状态读表,监控异常识别记录,监控异常识别记录,,,,draft,source_extracted,professional;editorial,low,,,current,task_skeleton_only,samples/digital_textbook_overall_prototype/data.js,结构占位
N-V03-0041,P3-T3,任务3：5G网络参数检查,project_task,P3,P3,项目三：5G网络信息管理,P3-T3,任务3：5G网络参数检查,not_applicable,,not_applicable,,original_textbook;overall_prototype,reports/task_inventory.csv;samples/digital_textbook_overall_prototype/data.js,skeleton_from_input,任务3：5G网络参数检查,参数一致性检查,参数一致性检查,参数异常清单,参数异常清单,,,,draft,source_extracted,professional;editorial,low,,,current,task_skeleton_only,samples/digital_textbook_overall_prototype/data.js,结构占位
N-V03-0042,P3-T4,任务4：5G网络参数设置,project_task,P3,P3,项目三：5G网络信息管理,P3-T4,任务4：5G网络参数设置,not_applicable,,not_applicable,,original_textbook;overall_prototype,reports/task_inventory.csv;samples/digital_textbook_overall_prototype/data.js,skeleton_from_input,任务4：5G网络参数设置,参数设置步骤确认,参数设置步骤确认,参数设置记录,参数设置记录,,,,draft,source_extracted,professional;editorial,low,,,current,task_skeleton_only,samples/digital_textbook_overall_prototype/data.js,结构占位
N-V03-0043,P4,项目四：5G端到端网络优化,project,CG-04/CG-05,P4,项目四：5G端到端网络优化,P4-T1;P4-T2;P4-T3,任务1：5G网络优化方案实施;任务2：5G网络优化结果验证;任务3：5G网络优化报告输出,not_applicable,,not_applicable,,original_textbook;overall_prototype,reports/fullbook_structure.json;reports/task_inventory.csv;samples/digital_textbook_overall_prototype/data.js,skeleton_from_input,项目四：5G端到端网络优化,从优化方案实施进入结果验证，再输出优化报告，形成端到端闭环。,选择项目并进入任务链。,优化实施记录;包含判断、依据、边界和建议的验收结论;优化报告输出样例,优化实施记录;包含判断、依据、边界和建议的验收结论;优化报告输出样例,,,,baseline,pending_editorial_review,editorial;professional,medium,,,current,project_skeleton,samples/digital_textbook_overall_prototype/data.js,当前重点项目
N-V03-0044,P4-T1,任务1：5G网络优化方案实施,project_task,P4,P4,项目四：5G端到端网络优化,P4-T1,任务1：5G网络优化方案实施,not_applicable,,not_applicable,,original_textbook;overall_prototype,reports/task_inventory.csv;samples/digital_textbook_overall_prototype/data.js,skeleton_from_input,任务1：5G网络优化方案实施,优化动作与问题匹配,优化动作与问题匹配,优化实施记录,优化实施记录,,,,draft,source_extracted,professional;editorial,low,,,current,task_skeleton_only,samples/digital_textbook_overall_prototype/data.js,结构占位
N-V03-0045,P4-T2,任务2：5G网络优化结果验证,project_task,P4,P4,项目四：5G端到端网络优化,P4-T2,任务2：5G网络优化结果验证,not_applicable,,not_applicable,,original_textbook;overall_prototype,reports/task_inventory.csv;samples/digital_textbook_overall_prototype/data.js,deep_sample_output,任务2：5G网络优化结果验证,投诉归类、流程排序、指标标注、依据分类、结论拼装,投诉归类、流程排序、指标标注、依据分类、结论拼装,包含判断、依据、边界和建议的验收结论,包含判断、依据、边界和建议的验收结论,,,,review_ready,teaching_transformed,professional;editorial,medium,,,current,task_deep_sample,samples/digital_textbook_overall_prototype/data.js,深样章已完成
N-V03-0046,P4-T3,任务3：5G网络优化报告输出,project_task,P4,P4,项目四：5G端到端网络优化,P4-T3,任务3：5G网络优化报告输出,not_applicable,,not_applicable,,original_textbook;overall_prototype,reports/task_inventory.csv;samples/digital_textbook_overall_prototype/data.js,skeleton_from_input,任务3：5G网络优化报告输出,报告结构组织,报告结构组织,优化报告输出样例,优化报告输出样例,,,,draft,source_extracted,professional;editorial,low,,,current,task_skeleton_only,samples/digital_textbook_overall_prototype/data.js,结构占位
N-V03-0047,P5,项目五：5G全网性能提升,project,CG-06,P5,项目五：5G全网性能提升,P5-T1;P5-T2;P5-T3,任务1：5G全网性能指标采集;任务2：5G全网性能提升实施;任务3：5G全网性能提升验证,not_applicable,,not_applicable,,original_textbook;overall_prototype,reports/fullbook_structure.json;reports/task_inventory.csv;samples/digital_textbook_overall_prototype/data.js,skeleton_from_input,项目五：5G全网性能提升,采集全网性能指标、实施性能提升并验证提升效果。,选择项目并进入任务链。,全网指标采集记录;性能提升实施记录;提升效果评价结论,全网指标采集记录;性能提升实施记录;提升效果评价结论,,,,draft,pending_editorial_review,editorial;professional,low,,,current,project_skeleton,samples/digital_textbook_overall_prototype/data.js,结构占位
N-V03-0048,P5-T1,任务1：5G全网性能指标采集,project_task,P5,P5,项目五：5G全网性能提升,P5-T1,任务1：5G全网性能指标采集,not_applicable,,not_applicable,,original_textbook;overall_prototype,reports/task_inventory.csv;samples/digital_textbook_overall_prototype/data.js,skeleton_from_input,任务1：5G全网性能指标采集,性能指标采集,性能指标采集,全网指标采集记录,全网指标采集记录,,,,draft,source_extracted,professional;editorial,low,,,current,task_skeleton_only,samples/digital_textbook_overall_prototype/data.js,结构占位
N-V03-0049,P5-T2,任务2：5G全网性能提升实施,project_task,P5,P5,项目五：5G全网性能提升,P5-T2,任务2：5G全网性能提升实施,not_applicable,,not_applicable,,original_textbook;overall_prototype,reports/task_inventory.csv;samples/digital_textbook_overall_prototype/data.js,skeleton_from_input,任务2：5G全网性能提升实施,性能提升动作选择,性能提升动作选择,性能提升实施记录,性能提升实施记录,,,,draft,source_extracted,professional;editorial,low,,,current,task_skeleton_only,samples/digital_textbook_overall_prototype/data.js,结构占位
N-V03-0050,P5-T3,任务3：5G全网性能提升验证,project_task,P5,P5,项目五：5G全网性能提升,P5-T3,任务3：5G全网性能提升验证,not_applicable,,not_applicable,,original_textbook;overall_prototype,reports/task_inventory.csv;samples/digital_textbook_overall_prototype/data.js,skeleton_from_input,任务3：5G全网性能提升验证,性能提升效果验证,性能提升效果验证,提升效果评价结论,提升效果评价结论,,,,draft,source_extracted,professional;editorial,low,,,current,task_skeleton_only,samples/digital_textbook_overall_prototype/data.js,结构占位
N-V03-0051,P6,项目六：5G信令分析,project,CG-07,P6,项目六：5G信令分析,P6-T1;P6-T2,任务1：5G关键信令流程及解析;任务2：5G信令问题分析及优化,not_applicable,,not_applicable,,original_textbook;overall_prototype,reports/fullbook_structure.json;reports/task_inventory.csv;samples/digital_textbook_overall_prototype/data.js,skeleton_from_input,项目六：5G信令分析,识读关键信令流程，并对复杂信令问题进行分析与优化。,选择项目并进入任务链。,信令流程说明;信令问题分析结论,信令流程说明;信令问题分析结论,,,,draft,pending_editorial_review,editorial;professional,low,,,current,project_skeleton,samples/digital_textbook_overall_prototype/data.js,结构占位
N-V03-0052,P6-T1,任务1：5G关键信令流程及解析,project_task,P6,P6,项目六：5G信令分析,P6-T1,任务1：5G关键信令流程及解析,not_applicable,,not_applicable,,original_textbook;overall_prototype,reports/task_inventory.csv;samples/digital_textbook_overall_prototype/data.js,skeleton_from_input,任务1：5G关键信令流程及解析,信令流程识读,信令流程识读,信令流程说明,信令流程说明,,,,draft,source_extracted,professional;editorial,low,,,current,task_skeleton_only,samples/digital_textbook_overall_prototype/data.js,结构占位
N-V03-0053,P6-T2,任务2：5G信令问题分析及优化,project_task,P6,P6,项目六：5G信令分析,P6-T2,任务2：5G信令问题分析及优化,not_applicable,,not_applicable,,original_textbook;overall_prototype,reports/task_inventory.csv;samples/digital_textbook_overall_prototype/data.js,skeleton_from_input,任务2：5G信令问题分析及优化,信令问题定位,信令问题定位,信令问题分析结论,信令问题分析结论,,,,draft,source_extracted,professional;editorial,low,,,current,task_skeleton_only,samples/digital_textbook_overall_prototype/data.js,结构占位
N-V03-0054,P2T3-N01,明确分析任务与数据来源,detail_capability,AU-03,P2,项目二：5G网络测试,P2-T3,任务3 5G网络测试数据分析,JP-03,none,AU-03,none,original_textbook;professional_standard;digital_textbook_standard;ai_inference,textbook:P2-T3;capability_graph_v2:AU-03;trial_split:P2-T3,v0.2_detail_field_table,先弄清要分析哪一份测试数据,我能说清本次要分析的LOG、场景和业务问题。,核对任务说明、数据来源和场景，填写分析任务单。,数据分析任务单,完成的数据分析任务单,P2T3-C01;P2T3-C02,text_card;worksheet;table,case_intro;data_reading,trial_split,pending_professional_review,professional;editorial,medium,not_applicable,data_source;procedure,current,trial_split_detail_node,reports/P2-T3详细能力节点字段表V0.2.csv,需专业教师确认任务单字段是否覆盖网优数据分析真实入口。
N-V03-0055,P2T3-N02,完成LOG导入与报告导出,detail_capability,AU-03,P2,项目二：5G网络测试,P2-T3,任务3 5G网络测试数据分析,JP-03,none,AU-03,none,original_textbook;professional_standard;digital_textbook_standard;ai_inference,textbook:P2-T3;capability_graph_v2:AU-03;trial_split:P2-T3,v0.2_detail_field_table,把LOG导入，并确认报告里有什么字段,我能完成导入、导出，并知道报告中的字段能支持哪些判断。,按流程排序导入步骤，核对导出报告字段清单。,导入导出流程记录,导入导出流程记录和字段核对表,P2T3-C03;P2T3-C04,text_card;worksheet;redrawn_image;report_template,process_ordering;data_reading,trial_split,pending_media_review,professional;media;editorial,medium,redraw_required,procedure;tool_screenshot,current,trial_split_detail_node,reports/P2-T3详细能力节点字段表V0.2.csv,需确认重绘流程图不误导真实软件操作边界。
N-V03-0056,P2T3-N03,识读关键指标与判断边界,detail_capability,AU-03,P2,项目二：5G网络测试,P2-T3,任务3 5G网络测试数据分析,JP-03,JP-06,AU-03,AU-07,original_textbook;professional_standard;digital_textbook_standard;ai_inference,textbook:P2-T3;capability_graph_v2:AU-03;trial_split:P2-T3,v0.2_detail_field_table,读懂关键指标能说明什么,我能把指标数值、指标含义和可能问题联系起来。,阅读指标表，标出每个指标能支持的判断类型和边界。,指标读法与边界表,指标读法与边界表,P2T3-C05;P2T3-C06;P2T3-C07,text_card;table;chart;worksheet;assessment_item,data_reading;metric_annotation,trial_split,pending_professional_review,professional;editorial,medium,not_applicable,threshold;terminology,current,trial_split_detail_node,reports/P2-T3详细能力节点字段表V0.2.csv,需专业教师复核指标边界表，避免固化不适用于全部场景的阈值。
N-V03-0057,P2T3-N04,判断覆盖类异常,detail_capability,AU-03,P2,项目二：5G网络测试,P2-T3,任务3 5G网络测试数据分析,JP-03,JP-06,AU-03,AU-07,original_textbook;professional_standard;digital_textbook_standard;ai_inference,textbook:P2-T3;capability_graph_v2:AU-03;trial_split:P2-T3,v0.2_detail_field_table,判断是不是覆盖类异常,我能用指标和位置证据判断弱覆盖或覆盖不连续问题。,阅读覆盖指标表和采样点示意图，标出异常点并写出判断理由。,覆盖异常判断记录,覆盖异常判断记录,P2T3-C08;P2T3-C09;P2T3-C10,simulation_case;table;chart;worksheet;assessment_item,data_reading;metric_annotation;problem_diagnosis,trial_split,pending_professional_review,professional;editorial,medium,not_applicable,threshold;case_logic;conclusion,current,trial_split_detail_node,reports/P2-T3详细能力节点字段表V0.2.csv,需专业教师确认案例数据和覆盖判断逻辑是否正确。
N-V03-0058,P2T3-N05,判断移动性/邻区异常,detail_capability,AU-03,P2,项目二：5G网络测试,P2-T3,任务3 5G网络测试数据分析,JP-03,JP-04;JP-06,AU-03,AU-05;AU-07,original_textbook;professional_standard;digital_textbook_standard;ai_inference,textbook:P2-T3;capability_graph_v2:AU-03;trial_split:P2-T3,v0.2_detail_field_table,判断是不是切换或邻区出了问题,我能把掉线、切换失败、邻区漏配等现象和证据对应起来。,排序证据链，核对测量报告、切换命令和配置检查表，判断异常类型。,移动性异常证据链,移动性异常证据链,P2T3-C11;P2T3-C12;P2T3-C13,simulation_case;table;redrawn_image;worksheet;assessment_item,process_ordering;evidence_classification;problem_diagnosis,trial_split,pending_professional_review,professional;media;editorial,medium,redraw_required,case_logic;signal_analysis;conclusion,current,trial_split_detail_node,reports/P2-T3详细能力节点字段表V0.2.csv,需专业教师确认邻区和切换案例是否符合网优诊断逻辑；媒体需重绘。
N-V03-0059,P2T3-N06,归纳问题类型与原因链,detail_capability,AU-05,P2,项目二：5G网络测试,P2-T3,任务3 5G网络测试数据分析,JP-04,JP-06,AU-05,AU-07,original_textbook;professional_standard;digital_textbook_standard;ai_inference,textbook:P2-T3;capability_graph_v2:AU-03;trial_split:P2-T3,v0.2_detail_field_table,把异常现象整理成原因链,我能把“看见的问题”整理成“为什么发生、该往哪处理”。,将覆盖、邻区、切换等证据归类，补全现象-指标-原因-方向链。,异常问题清单,异常问题清单和原因链,P2T3-C14;P2T3-C15,text_card;worksheet;assessment_item;rubric,evidence_classification;problem_diagnosis;reflection_summary,trial_split,pending_professional_review,professional;editorial,medium,not_applicable,case_logic;conclusion,current,trial_split_detail_node,reports/P2-T3详细能力节点字段表V0.2.csv,需专业教师复核问题类型分类与原因链是否符合网优分析逻辑。
N-V03-0060,P2T3-N07,制定整改建议,detail_capability,AU-05,P2,项目二：5G网络测试,P2-T3,任务3 5G网络测试数据分析,JP-04,JP-05,AU-05,AU-06,original_textbook;professional_standard;digital_textbook_standard;ai_inference,textbook:P2-T3;capability_graph_v2:AU-03;trial_split:P2-T3,v0.2_detail_field_table,给出可执行的整改建议,我能说明建议改什么、为什么改、改完怎么验证。,把问题原因与整改动作匹配，检查风险提示和验证方式。,整改建议卡,整改建议卡,P2T3-C16;P2T3-C17;P2T3-C18,text_card;worksheet;assessment_item;rubric,proposal_matching;risk_checking,trial_split,pending_professional_review,professional;editorial,medium,not_applicable,procedure;conclusion,current,trial_split_detail_node,reports/P2-T3详细能力节点字段表V0.2.csv,需专业教师复核整改动作是否正确，避免给出不当工程建议。
N-V03-0061,P2T3-N08,输出分析报告并连接复测,detail_capability,AU-03,P2,项目二：5G网络测试,P2-T3,任务3 5G网络测试数据分析,JP-03,JP-06,AU-03,AU-08;AU-07,original_textbook;professional_standard;digital_textbook_standard;ai_inference,textbook:P2-T3;capability_graph_v2:AU-03;trial_split:P2-T3,v0.2_detail_field_table,写出测试数据分析报告，并说明复测要求,我能把前面的分析写成别人看得懂、能接着执行的报告。,按报告模板组织结论，补充证据、建议和复测指标。,测试数据分析报告,测试数据分析报告和修订记录,P2T3-C19;P2T3-C20;P2T3-C21,report_template;worksheet;rubric;teacher_guide,report_output;conclusion_writing;reflection_summary,trial_split,pending_professional_review,professional;editorial,medium,not_applicable,conclusion;terminology,current,trial_split_detail_node,reports/P2-T3详细能力节点字段表V0.2.csv,需专业教师复核报告模板和结论表达是否符合网优岗位文件要求。
N-V03-0062,P4T2-N01,识别验证场景,detail_capability,AU-07,P4,项目四：5G端到端网络优化,P4-T2,任务2：5G网络优化结果验证,JP-06,JP-01;JP-02,AU-07,AU-03,original_textbook;professional_standard;digital_textbook_standard;teaching_simulation;ai_inference,textbook:P4-T2;prototype:task_workbench_3_5a1;capability_graph_v2:AU-07,v0.2_detail_field_table,先弄清这次到底要验收什么,我能把投诉线索转成覆盖、移动性、体验或容量等验证对象。,阅读宿舍区投诉场景，把四条投诉线索归入对应验证对象。,投诉到验证对象映射,投诉到验证对象映射,P4T2-C01;P4T2-C02;CASE-demo-dorm,text_card;simulation_case;worksheet;assessment_item,case_intro;evidence_classification,review_ready,pending_professional_review,professional;editorial,medium,not_applicable,data_source;case_logic,current,deep_sample_detail_node,reports/P4-T2详细能力节点字段表V0.2.csv,需专业教师确认投诉线索和验证对象的对应关系是否符合网优验收教学逻辑。
N-V03-0063,P4T2-N02,区分改善与达标,detail_capability,AU-07,P4,项目四：5G端到端网络优化,P4-T2,任务2：5G网络优化结果验证,JP-06,none,AU-07,AU-08,original_textbook;professional_standard;digital_textbook_standard;teaching_simulation;ai_inference,textbook:P4-T2;prototype:task_workbench_3_5a1;capability_graph_v2:AU-07,v0.2_detail_field_table,分清“有改善”和“能验收”不是一回事,我能把已改善的数据和仍未闭环的数据分开写。,对宿舍区案例中的达标指标和未达标指标做边界表达修正。,已达标依据和未闭环边界,边界表达修正记录,P4T2-C02;P4T2-C11;CASE-demo-dorm,text_card;table;worksheet;rubric;assessment_item,comparison_analysis;correction_revision,review_ready,pending_professional_review,professional;editorial,medium,not_applicable,conclusion;terminology,current,deep_sample_detail_node,reports/P4-T2详细能力节点字段表V0.2.csv,需复核“部分达标”表达是否符合职业教育课堂和网优岗位验收语境。
N-V03-0064,P4T2-N03,读覆盖指标,detail_capability,AU-07,P4,项目四：5G端到端网络优化,P4-T2,任务2：5G网络优化结果验证,JP-06,JP-03,AU-07,AU-03,original_textbook;professional_standard;digital_textbook_standard;teaching_simulation;ai_inference,textbook:P4-T2;prototype:task_workbench_3_5a1;capability_graph_v2:AU-07,v0.2_detail_field_table,读覆盖指标：它能证明什么，不能证明什么,我能看懂覆盖指标能支持覆盖改善，但不能单独证明业务全部恢复。,阅读覆盖指标表和地下食堂案例，标出覆盖达标依据与证据边界。,覆盖指标判断与流程排序,覆盖指标判断与证据边界,P4T2-C03;P4T2-C04;CASE-contrast-canteen,text_card;table;chart;worksheet;redrawn_image;assessment_item,data_reading;process_ordering;metric_annotation,review_ready,pending_media_review,professional;media;editorial;copyright,high,redraw_required,threshold;terminology;tool_screenshot,current,deep_sample_detail_node,reports/P4-T2详细能力节点字段表V0.2.csv,需专业教师复核覆盖指标阈值口径，媒体设计需重绘原仿真截图。
N-V03-0065,P4T2-N04,读移动性指标,detail_capability,AU-07,P4,项目四：5G端到端网络优化,P4-T2,任务2：5G网络优化结果验证,JP-06,JP-03;JP-04,AU-07,AU-03;AU-05,original_textbook;professional_standard;digital_textbook_standard;teaching_simulation;ai_inference,textbook:P4-T2;prototype:task_workbench_3_5a1;capability_graph_v2:AU-07,v0.2_detail_field_table,读移动性指标：走动时会不会断,我能判断移动路径上的问题不能只看静止点覆盖，还要看切换和保持数据。,按顺序排出移动性验证流程，并判断切换失败或重建偏高说明什么。,移动性验证流程,移动性验证流程和异常阶段判断,P4T2-C05;P4T2-C06;CASE-contrast-canteen,text_card;redrawn_image;interactive_animation;mini_game;worksheet;assessment_item,process_ordering;data_reading;problem_diagnosis,review_ready,pending_media_review,professional;media;editorial;copyright,high,redraw_required,procedure;signal_analysis;tool_screenshot,current,deep_sample_detail_node,reports/P4-T2详细能力节点字段表V0.2.csv,需复核SA/NSA切换教学流程和邻区/切换异常表述，原图需重绘或标注。
N-V03-0066,P4T2-N05,读体验与容量指标,detail_capability,AU-07,P4,项目四：5G端到端网络优化,P4-T2,任务2：5G网络优化结果验证,JP-06,JP-03;JP-07,AU-07,AU-03;AU-09,original_textbook;professional_standard;digital_textbook_standard;teaching_simulation;ai_inference,textbook:P4-T2;prototype:task_workbench_3_5a1;capability_graph_v2:AU-07,v0.2_detail_field_table,读体验与容量指标：平均好不等于尾部好,我能区分平均值达标和尾部体验、容量边界未闭环。,阅读实训楼和招聘会指标表，给每行标注通过依据或必须写边界。,通过依据和边界指标标注,指标行标注和边界表达,P4T2-C07;P4T2-C08;CASE-contrast-lab;CASE-mission-jobfair,text_card;table;chart;worksheet;redrawn_image;assessment_item,data_reading;metric_annotation;comparison_analysis,review_ready,pending_media_review,professional;media;editorial;copyright,high,redraw_required,threshold;case_logic;conclusion;tool_screenshot,current,deep_sample_detail_node,reports/P4-T2详细能力节点字段表V0.2.csv,需专业教师复核教学模拟阈值和容量/时延结论口径，媒体需重绘替换。
N-V03-0067,P4T2-N06,选择判断依据,detail_capability,AU-07,P4,项目四：5G端到端网络优化,P4-T2,任务2：5G网络优化结果验证,JP-06,JP-04,AU-07,AU-05;AU-08,original_textbook;professional_standard;digital_textbook_standard;teaching_simulation;ai_inference,textbook:P4-T2;prototype:task_workbench_3_5a1;capability_graph_v2:AU-07,v0.2_detail_field_table,把材料分清：依据、边界，还是背景,我能判断一条材料能不能直接证明优化后达到目标。,在体育馆活动保障案例中，把材料分入通过依据、必须写边界和背景信息。,依据链分类结果,依据链分类结果,P4T2-C09;P4T2-C10;CASE-guided-gym,simulation_case;table;worksheet;assessment_item;rubric,evidence_classification;comparison_analysis,review_ready,pending_professional_review,professional;editorial,medium,not_applicable,case_logic;conclusion,current,deep_sample_detail_node,reports/P4-T2详细能力节点字段表V0.2.csv,需复核体育馆活动保障教学模拟案例的依据链和结论边界是否合理。
N-V03-0068,P4T2-N07,形成验收结论,detail_capability,AU-07,P4,项目四：5G端到端网络优化,P4-T2,任务2：5G网络优化结果验证,JP-06,none,AU-07,AU-08,original_textbook;professional_standard;digital_textbook_standard;teaching_simulation;ai_inference,textbook:P4-T2;prototype:task_workbench_3_5a1;capability_graph_v2:AU-07,v0.2_detail_field_table,写出一段能提交的验收结论,我能把技术判断写成判断、依据、边界和建议四部分。,在招聘会扩容案例中拼装并提交四段式验收结论。,四段式验收结论,四段式验收结论,P4T2-C10;CASE-mission-jobfair,worksheet;assessment_item;rubric;report_template,conclusion_writing;report_output,review_ready,pending_professional_review,professional;editorial,medium,not_applicable,conclusion;terminology,current,deep_sample_detail_node,reports/P4-T2详细能力节点字段表V0.2.csv,需复核四段式结论模板是否符合网优岗位验收和后续报告输出要求。
N-V03-0069,P4T2-N08,修正职业表达,detail_capability,AU-08,P4,项目四：5G端到端网络优化,P4-T2,任务2：5G网络优化结果验证,JP-06,JP-07,AU-08,AU-07;AU-09,original_textbook;professional_standard;digital_textbook_standard;teaching_simulation;ai_inference,textbook:P4-T2;prototype:task_workbench_3_5a1;capability_graph_v2:AU-07,v0.2_detail_field_table,把结论改到能被讲评、能被使用,我能根据反馈修改验收结论，而不是只看参考答案。,对招聘会案例结论进行自评和二次修正，至少提交一条修正句。,修正后的职业表达,修正后的职业表达和修订记录,P4T2-C11;P4T2-C12;CASE-mission-jobfair,rubric;teacher_guide;worksheet;assessment_item,correction_revision;reflection_summary,review_ready,pending_professional_review,professional;editorial,medium,not_applicable,conclusion;terminology,current,deep_sample_detail_node,reports/P4-T2详细能力节点字段表V0.2.csv,需复核职业表达量规、教师观察表和专业复核表是否足以支撑真实一线试看。
N-V03-0070,P5T3-N01,确认性能提升方案与验证口径,detail_capability,AU-09,P5,项目五：5G全网性能提升,P5-T3,任务3 5G全网性能提升验证,JP-07,JP-06,AU-09,AU-07;AU-08,original_textbook;professional_standard;digital_textbook_standard;ai_inference,textbook:P5-T3;task_inventory:P5-T3;capability_graph_v2:AU-09,v0.2_detail_field_table,先弄清这次要验证什么,我能说清本次性能提升验证的目标、范围和判断口径。,对照提升方案，填写验证对象、验证范围、前后对比基线和达成口径。,性能提升验证任务单,性能提升验证任务单,P5T3-C01;P5T3-C02,text_card;worksheet;table,case_intro;risk_checking,trial_split,pending_professional_review,professional;media;editorial,medium,not_applicable,threshold;case_logic;conclusion,current,trial_split_detail_node,reports/P5-T3详细能力节点字段表V0.2.csv,验证口径需专业教师确认，避免把教材案例阈值泛化为行业统一标准。
N-V03-0071,P5T3-N02,选择验证数据源与复测路径,detail_capability,AU-09,P5,项目五：5G全网性能提升,P5-T3,任务3 5G全网性能提升验证,JP-07,JP-03;JP-06,AU-09,AU-03;AU-07,original_textbook;professional_standard;digital_textbook_standard;ai_inference,textbook:P5-T3;task_inventory:P5-T3;capability_graph_v2:AU-09,v0.2_detail_field_table,选择用什么数据来验证,我能根据验证目标选择合适的数据来源和复测方式。,把接入、保持、移动性、资源、可用类验证目标匹配到合适的数据源。,验证数据源选择表,验证数据源选择表,P5T3-C03;P5T3-C04,text_card;chart;worksheet,evidence_classification;process_ordering,trial_split,pending_media_review,professional;media;editorial;copyright,medium,redraw_required,data_source;procedure;terminology,current,trial_split_detail_node,reports/P5-T3详细能力节点字段表V0.2.csv,网管、大数据、路测、用户回访的适用边界需专业教师确认。
N-V03-0072,P5T3-N03,建立优化前后KPI对比基线,detail_capability,AU-09,P5,项目五：5G全网性能提升,P5-T3,任务3 5G全网性能提升验证,JP-07,JP-03;JP-06,AU-09,AU-03;AU-07,original_textbook;professional_standard;digital_textbook_standard;ai_inference,textbook:P5-T3;task_inventory:P5-T3;capability_graph_v2:AU-09,v0.2_detail_field_table,把优化前后的指标摆在一起看,我能把优化前后的关键指标整理成可比较的数据。,提取接通率、掉线率、切换、速率、可用性等指标，制作前后对比表。,优化前后KPI对比表,优化前后KPI对比表,P5T3-C05;P5T3-C06,table;chart;worksheet,metric_annotation;comparison_analysis;data_reading,trial_split,pending_media_review,professional;media;editorial;copyright,high,redraw_required,threshold;data_source;conclusion;tool_screenshot,current,trial_split_detail_node,reports/P5-T3详细能力节点字段表V0.2.csv,具体KPI阈值和场景适用口径需专业复核。
N-V03-0073,P5T3-N04,验证接入与保持类提升效果,detail_capability,AU-09,P5,项目五：5G全网性能提升,P5-T3,任务3 5G全网性能提升验证,JP-07,JP-03;JP-06,AU-09,AU-03;AU-07;AU-10,original_textbook;professional_standard;digital_textbook_standard;ai_inference,textbook:P5-T3;task_inventory:P5-T3;capability_graph_v2:AU-09,v0.2_detail_field_table,判断接入和掉线问题有没有真正改善,我能用接入和保持类数据判断性能提升是否有效。,阅读接入类和保持类案例材料，标出支持“已改善”和“仍有风险”的依据。,接入/保持类效果判断记录,接入/保持类效果判断记录,P5T3-C07;P5T3-C08;P5T3-C09,simulation_case;annotated_image;redrawn_image;worksheet,problem_diagnosis;evidence_classification;metric_annotation,trial_split,pending_media_review,professional;media;editorial;copyright,high,redraw_required,case_logic;signal_analysis;tool_screenshot;conclusion,current,trial_split_detail_node,reports/P5-T3详细能力节点字段表V0.2.csv,原教材接入、PDU会话、掉线相关截图需重绘或标注，专业结论需复核。
N-V03-0074,P5T3-N05,验证移动性、资源与可用类提升效果,detail_capability,AU-09,P5,项目五：5G全网性能提升,P5-T3,任务3 5G全网性能提升验证,JP-07,JP-03;JP-06,AU-09,AU-07;AU-10,original_textbook;professional_standard;digital_textbook_standard;ai_inference,textbook:P5-T3;task_inventory:P5-T3;capability_graph_v2:AU-09,v0.2_detail_field_table,判断切换、速率和可用性是否改善,我能用复测数据判断移动性、资源和可用类性能提升效果。,对移动性、资源、可用类案例进行前后对比，写出是否闭环和仍需关注的风险。,移动性/资源/可用类效果判断记录,移动性/资源/可用类效果判断记录,P5T3-C10;P5T3-C11;P5T3-C12,simulation_case;table;chart;redrawn_image;worksheet,comparison_analysis;problem_diagnosis;risk_checking,trial_split,pending_media_review,professional;media;editorial;copyright,high,redraw_required,case_logic;signal_analysis;tool_screenshot;conclusion,current,trial_split_detail_node,reports/P5-T3详细能力节点字段表V0.2.csv,原教材移动性、速率、光链路故障截图需媒体治理，指标和结论需专业复核。
N-V03-0075,P5T3-N06,判断未闭环指标与二次分析入口,detail_capability,AU-09,P5,项目五：5G全网性能提升,P5-T3,任务3 5G全网性能提升验证,JP-07,JP-04;JP-06,AU-09,AU-05;AU-10,original_textbook;professional_standard;digital_textbook_standard;ai_inference,textbook:P5-T3;task_inventory:P5-T3;capability_graph_v2:AU-09,v0.2_detail_field_table,找出还没有闭环的问题,我能判断哪些性能提升已经闭环，哪些还需要继续分析。,把案例结论分成已闭环、改善但未达标、证据不足、需信令复盘四类。,未闭环问题清单,未闭环问题清单,P5T3-C13;P5T3-C14,worksheet;text_card;rubric,evidence_classification;reflection_summary;correction_revision,trial_split,pending_professional_review,professional;editorial,high,not_applicable,case_logic;conclusion;signal_analysis,current,trial_split_detail_node,reports/P5-T3详细能力节点字段表V0.2.csv,未闭环分类和信令复盘入口需专业教师确认。
N-V03-0076,P5T3-N07,输出全网性能提升验证报告,detail_capability,AU-09,P5,项目五：5G全网性能提升,P5-T3,任务3 5G全网性能提升验证,JP-07,JP-06,AU-09,AU-08;AU-10,original_textbook;professional_standard;digital_textbook_standard;ai_inference,textbook:P5-T3;task_inventory:P5-T3;capability_graph_v2:AU-09,v0.2_detail_field_table,写出全网性能提升验证报告,我能把验证过程整理成可提交的职业报告。,按模板填写验证目标、数据来源、对比结果、结论边界和后续建议。,全网性能提升验证报告,全网性能提升验证报告,P5T3-C15;P5T3-C16,report_template;worksheet;rubric;teacher_guide,report_output;conclusion_writing;reflection_summary,trial_split,pending_professional_review,professional;editorial,medium,not_applicable,conclusion;terminology;case_logic,current,trial_split_detail_node,reports/P5-T3详细能力节点字段表V0.2.csv,报告模板和职业表达口径需专业教师和编辑共同复核。
N-V03-0077,P6T2-N01,明确信令问题分析任务与数据来源,detail_capability,AU-10,P6,项目六：5G信令分析,P6-T2,任务2 5G信令问题分析及优化,JP-07,JP-03;JP-06,AU-10,AU-03;AU-09,original_textbook;professional_standard;digital_textbook_standard;ai_inference,textbook:P6-T2;task_inventory:P6-T2;capability_graph_v2:AU-10;reports:P6任务AU-10验证试拆对象选择与实施计划.md,v0.2_detail_field_table,先判断这次要分析什么问题,我能说清这次问题现象、可用材料和需要查证的信令方向。,读取任务描述、log入口、地图、指标和信令材料，填写分析任务单。,问题分析任务单,问题分析任务单,P6T2-C01;P6T2-W01,text_card;worksheet;simulation_case,case_intro;data_reading,trial_split,pending_media_review,professional;media;editorial,medium,annotate_required,data_source;tool_screenshot;signal_analysis,current,trial_split_detail_node,reports/P6-T2详细能力节点字段表V0.2.csv,需确认仿真界面标注是否准确表达信令分析入口。
N-V03-0078,P6T2-N02,区分覆盖、接入、切换、掉线类问题,detail_capability,AU-10,P6,项目六：5G信令分析,P6-T2,任务2 5G信令问题分析及优化,JP-07,JP-03;JP-04;JP-06,AU-10,AU-03;AU-07;AU-09,original_textbook;professional_standard;digital_textbook_standard;ai_inference,textbook:P6-T2;task_inventory:P6-T2;capability_graph_v2:AU-10;reports:P6任务AU-10验证试拆对象选择与实施计划.md,v0.2_detail_field_table,先给问题分类型,我能判断问题更像覆盖、接入、切换还是掉线，并说明分类依据。,对照现象、指标和信令线索，把问题归入四类并写出依据。,问题类型判断表,问题类型判断表,P6T2-C02;P6T2-W02,redrawn_image;worksheet;table,evidence_classification;problem_diagnosis,trial_split,pending_media_review,professional;media;editorial,high,redraw_required,threshold;case_logic;signal_analysis;tool_screenshot,current,trial_split_detail_node,reports/P6-T2详细能力节点字段表V0.2.csv,四类问题分类口径和图示需通信专业教师确认。
N-V03-0079,P6T2-N03,建立接入类问题排查链,detail_capability,AU-10,P6,项目六：5G信令分析,P6-T2,任务2 5G信令问题分析及优化,JP-07,JP-03;JP-06,AU-10,AU-03;AU-09,original_textbook;professional_standard;digital_textbook_standard;ai_inference,textbook:P6-T2;task_inventory:P6-T2;capability_graph_v2:AU-10;reports:P6任务AU-10验证试拆对象选择与实施计划.md,v0.2_detail_field_table,接入失败先查哪几步,我能把接入失败拆成几个可检查步骤，而不是直接猜原因。,按接入流程排序排查项，并标出每一步要看的信令或参数。,接入问题排查路径,接入问题排查路径,P6T2-C03;P6T2-W03;P6T1-C-REG;P6T1-C-PDU,redrawn_image;worksheet;simulation_case,process_ordering;problem_diagnosis;proposal_matching,trial_split,pending_media_review,professional;media;editorial;copyright,high,redraw_required,signal_analysis;procedure;case_logic;tool_screenshot,current,trial_split_detail_node,reports/P6-T2详细能力节点字段表V0.2.csv,接入流程、PRACH、切片、NG连接等处理顺序需专业复核。
N-V03-0080,P6T2-N04,建立切换类问题信令证据链,detail_capability,AU-10,P6,项目六：5G信令分析,P6-T2,任务2 5G信令问题分析及优化,JP-07,JP-03;JP-04;JP-06,AU-10,AU-03;AU-07;AU-09,original_textbook;professional_standard;digital_textbook_standard;ai_inference,textbook:P6-T2;task_inventory:P6-T2;capability_graph_v2:AU-10;reports:P6任务AU-10验证试拆对象选择与实施计划.md,v0.2_detail_field_table,切换失败卡在哪一步,我能在切换流程中找到问题卡点，并说明证据来自哪里。,标注切换流程中的关键节点，判断是未上报、未下发、未收到还是执行失败。,切换问题证据链,切换问题证据链,P6T2-C04;P6T2-W04;P6T1-C-RRCRECFG,annotated_image;redrawn_image;worksheet,metric_annotation;evidence_classification;problem_diagnosis,trial_split,pending_media_review,professional;media;editorial;copyright,high,redraw_required,signal_analysis;case_logic;conclusion;tool_screenshot,current,trial_split_detail_node,reports/P6-T2详细能力节点字段表V0.2.csv,切换信令卡点、RSRP变化和优化建议需专业复核。
N-V03-0081,P6T2-N05,建立掉线类问题复盘链,detail_capability,AU-10,P6,项目六：5G信令分析,P6-T2,任务2 5G信令问题分析及优化,JP-07,JP-03;JP-06;JP-07,AU-10,AU-03;AU-07;AU-09,original_textbook;professional_standard;digital_textbook_standard;ai_inference,textbook:P6-T2;task_inventory:P6-T2;capability_graph_v2:AU-10;reports:P6任务AU-10验证试拆对象选择与实施计划.md,v0.2_detail_field_table,掉线是怎么发生的,我能把掉线现象拆成可检查的几个原因链。,对照掉线表现，填写原因链、证据和待排除项。,掉线原因复盘单,掉线原因复盘单,P6T2-C05;P6T2-W05,text_card;worksheet;rubric,reflection_summary;problem_diagnosis;risk_checking,trial_split,pending_professional_review,professional;editorial,high,not_applicable,signal_analysis;case_logic;conclusion,current,trial_split_detail_node,reports/P6-T2详细能力节点字段表V0.2.csv,掉线定义、原因分类和复盘口径需专业复核。
N-V03-0082,P6T2-N06,提出优化建议并说明适用边界,detail_capability,AU-10,P6,项目六：5G信令分析,P6-T2,任务2 5G信令问题分析及优化,JP-07,JP-04;JP-06;JP-07,AU-10,AU-07;AU-09,original_textbook;professional_standard;digital_textbook_standard;ai_inference,textbook:P6-T2;task_inventory:P6-T2;capability_graph_v2:AU-10;reports:P6任务AU-10验证试拆对象选择与实施计划.md,v0.2_detail_field_table,不是只说原因，还要给建议,我能根据原因提出合适建议，并说明建议什么时候适用。,把原因卡与优化建议卡匹配，写出建议、适用条件和复测方式。,优化建议卡,优化建议卡,P6T2-C06;P6T2-W06,simulation_case;redrawn_image;worksheet;table,proposal_matching;risk_checking;comparison_analysis,trial_split,pending_media_review,professional;media;editorial;copyright,high,redraw_required,threshold;case_logic;conclusion;tool_screenshot,current,trial_split_detail_node,reports/P6-T2详细能力节点字段表V0.2.csv,功率、波束、CIO、切换触发时间等建议需专业复核。
N-V03-0083,P6T2-N07,输出信令问题分析与复盘报告,detail_capability,AU-10,P6,项目六：5G信令分析,P6-T2,任务2 5G信令问题分析及优化,JP-07,JP-06;JP-07,AU-10,AU-08;AU-09,original_textbook;professional_standard;digital_textbook_standard;ai_inference,textbook:P6-T2;task_inventory:P6-T2;capability_graph_v2:AU-10;reports:P6任务AU-10验证试拆对象选择与实施计划.md,v0.2_detail_field_table,把分析写成能交付的报告,我能把信令分析过程整理成别人能看懂、能复核的报告。,整理现象、证据链、原因判断、优化建议、复测方式和待复核点。,信令问题分析报告,信令问题分析报告,P6T2-C07;P6T2-W07;P6T2-RPT01,report_template;worksheet;rubric;teacher_guide,report_output;conclusion_writing;reflection_summary,trial_split,pending_professional_review,professional;editorial,high,not_applicable,signal_analysis;conclusion;terminology;case_logic,current,trial_split_detail_node,reports/P6-T2详细能力节点字段表V0.2.csv,报告结构、信令结论和建议边界需教师及通信专业专家复核。
N-V03-0084,IMG-288,IMG-288 原教材媒体资源,media_asset,assets/media,P4,,P4-T2,,not_applicable,,not_applicable,,original_textbook;media_asset,textbook:P4-T2;prototype:task_workbench_3_5a1;capability_graph_v2:AU-07,media_extracted_pending_review,IMG-288,not_applicable,not_applicable,not_applicable,not_applicable,,,,draft,pending_media_review,media;copyright;editorial,high,redraw_required,,current,media_reference_node,reports/课程能力图谱V2关系边表.csv;assets/media/,覆盖优化结果截图需重绘或标注后才能作为教学证据。
N-V03-0085,IMG-236,IMG-236 原教材媒体资源,media_asset,assets/media,P4,,P4-T2,,not_applicable,,not_applicable,,original_textbook;media_asset,textbook:P4-T2;prototype:task_workbench_3_5a1;capability_graph_v2:AU-07,media_extracted_pending_review,IMG-236,not_applicable,not_applicable,not_applicable,not_applicable,,,,draft,pending_media_review,media;copyright;editorial,high,redraw_required,,current,media_reference_node,reports/课程能力图谱V2关系边表.csv;assets/media/,切换流程图需标注测量、判决、执行阶段。
N-V03-0086,IMG-245,IMG-245 原教材媒体资源,media_asset,assets/media,P4,,P4-T2,,not_applicable,,not_applicable,,original_textbook;media_asset,textbook:P4-T2;prototype:task_workbench_3_5a1;capability_graph_v2:AU-07,media_extracted_pending_review,IMG-245,not_applicable,not_applicable,not_applicable,not_applicable,,,,draft,pending_media_review,media;copyright;editorial,high,redraw_required,,current,media_reference_node,reports/课程能力图谱V2关系边表.csv;assets/media/,SA切换流程需重绘为教学版。
N-V03-0087,IMG-289,IMG-289 原教材媒体资源,media_asset,assets/media,P4,,P4-T2,,not_applicable,,not_applicable,,original_textbook;media_asset,textbook:P4-T2;prototype:task_workbench_3_5a1;capability_graph_v2:AU-07,media_extracted_pending_review,IMG-289,not_applicable,not_applicable,not_applicable,not_applicable,,,,draft,pending_media_review,media;copyright;editorial,high,redraw_required,,current,media_reference_node,reports/课程能力图谱V2关系边表.csv;assets/media/,切换优化结果截图需重绘或标注。
N-V03-0088,IMG-290,IMG-290 原教材媒体资源,media_asset,assets/media,P4,,P4-T2,,not_applicable,,not_applicable,,original_textbook;media_asset,textbook:P4-T2;prototype:task_workbench_3_5a1;capability_graph_v2:AU-07,media_extracted_pending_review,IMG-290,not_applicable,not_applicable,not_applicable,not_applicable,,,,draft,pending_media_review,media;copyright;editorial,high,redraw_required,,current,media_reference_node,reports/课程能力图谱V2关系边表.csv;assets/media/,时延结果截图需替换为时延指标对比表。
N-V03-0089,IMG-291,IMG-291 原教材媒体资源,media_asset,assets/media,P4,,P4-T2,,not_applicable,,not_applicable,,original_textbook;media_asset,textbook:P4-T2;prototype:task_workbench_3_5a1;capability_graph_v2:AU-07,media_extracted_pending_review,IMG-291,not_applicable,not_applicable,not_applicable,not_applicable,,,,draft,pending_media_review,media;copyright;editorial,high,redraw_required,,current,media_reference_node,reports/课程能力图谱V2关系边表.csv;assets/media/,速率结果截图需替换为速率指标对比表。
N-V03-0090,IMG-292,IMG-292 原教材媒体资源,media_asset,assets/media,P4,,P4-T2,,not_applicable,,not_applicable,,original_textbook;media_asset,textbook:P4-T2;prototype:task_workbench_3_5a1;capability_graph_v2:AU-07,media_extracted_pending_review,IMG-292,not_applicable,not_applicable,not_applicable,not_applicable,,,,draft,pending_media_review,media;copyright;editorial,high,redraw_required,,current,media_reference_node,reports/课程能力图谱V2关系边表.csv;assets/media/,容量结果截图需重绘容量负荷图。
N-V03-0091,IMG-293,IMG-293 原教材媒体资源,media_asset,assets/media,P4,,P4-T2,,not_applicable,,not_applicable,,original_textbook;media_asset,textbook:P4-T2;prototype:task_workbench_3_5a1;capability_graph_v2:AU-07,media_extracted_pending_review,IMG-293,not_applicable,not_applicable,not_applicable,not_applicable,,,,draft,pending_media_review,media;copyright;editorial,high,redraw_required,,current,media_reference_node,reports/课程能力图谱V2关系边表.csv;assets/media/,掉线结果截图需重绘掉线率证据链图。
N-V03-0092,IMG-325,IMG-325 原教材媒体资源,media_asset,assets/media,P5,,P5-T3,,not_applicable,,not_applicable,,original_textbook;media_asset,textbook:P5-T3;task_inventory:P5-T3;capability_graph_v2:AU-09,media_extracted_pending_review,IMG-325,not_applicable,not_applicable,not_applicable,not_applicable,,,,draft,pending_media_review,media;copyright;editorial,high,redraw_required,,current,media_reference_node,reports/课程能力图谱V2关系边表.csv;assets/media/,性能验证数据源图需重绘为教学化选择图。
N-V03-0093,IMG-326,IMG-326 原教材媒体资源,media_asset,assets/media,P5,,P5-T3,,not_applicable,,not_applicable,,original_textbook;media_asset,textbook:P5-T3;task_inventory:P5-T3;capability_graph_v2:AU-09,media_extracted_pending_review,IMG-326,not_applicable,not_applicable,not_applicable,not_applicable,,,,draft,pending_media_review,media;copyright;editorial,high,redraw_required,,current,media_reference_node,reports/课程能力图谱V2关系边表.csv;assets/media/,数据中心界面需重绘为教学化KPI对比表。
N-V03-0094,IMG-327,IMG-327 原教材媒体资源,media_asset,assets/media,P5,,P5-T3,,not_applicable,,not_applicable,,original_textbook;media_asset,textbook:P5-T3;task_inventory:P5-T3;capability_graph_v2:AU-09,media_extracted_pending_review,IMG-327,not_applicable,not_applicable,not_applicable,not_applicable,,,,draft,pending_media_review,media;copyright;editorial,high,redraw_required,,current,media_reference_node,reports/课程能力图谱V2关系边表.csv;assets/media/,未下发A2重配截图需标注或重绘。
N-V03-0095,IMG-328,IMG-328 原教材媒体资源,media_asset,assets/media,P5,,P5-T3,,not_applicable,,not_applicable,,original_textbook;media_asset,textbook:P5-T3;task_inventory:P5-T3;capability_graph_v2:AU-09,media_extracted_pending_review,IMG-328,not_applicable,not_applicable,not_applicable,not_applicable,,,,draft,pending_media_review,media;copyright;editorial,high,redraw_required,,current,media_reference_node,reports/课程能力图谱V2关系边表.csv;assets/media/,问题分析截图需标注。
N-V03-0096,IMG-329,IMG-329 原教材媒体资源,media_asset,assets/media,P5,,P5-T3,,not_applicable,,not_applicable,,original_textbook;media_asset,textbook:P5-T3;task_inventory:P5-T3;capability_graph_v2:AU-09,media_extracted_pending_review,IMG-329,not_applicable,not_applicable,not_applicable,not_applicable,,,,draft,pending_media_review,media;copyright;editorial,high,redraw_required,,current,media_reference_node,reports/课程能力图谱V2关系边表.csv;assets/media/,A2重配正常截图需重绘对照。
N-V03-0097,IMG-330,IMG-330 原教材媒体资源,media_asset,assets/media,P5,,P5-T3,,not_applicable,,not_applicable,,original_textbook;media_asset,textbook:P5-T3;task_inventory:P5-T3;capability_graph_v2:AU-09,media_extracted_pending_review,IMG-330,not_applicable,not_applicable,not_applicable,not_applicable,,,,draft,pending_media_review,media;copyright;editorial,high,redraw_required,,current,media_reference_node,reports/课程能力图谱V2关系边表.csv;assets/media/,PDU会话未完全建立截图需标注。
N-V03-0098,IMG-331,IMG-331 原教材媒体资源,media_asset,assets/media,P5,,P5-T3,,not_applicable,,not_applicable,,original_textbook;media_asset,textbook:P5-T3;task_inventory:P5-T3;capability_graph_v2:AU-09,media_extracted_pending_review,IMG-331,not_applicable,not_applicable,not_applicable,not_applicable,,,,draft,pending_media_review,media;copyright;editorial,high,redraw_required,,current,media_reference_node,reports/课程能力图谱V2关系边表.csv;assets/media/,网络配置图需版权和清晰度审核。
N-V03-0099,IMG-332,IMG-332 原教材媒体资源,media_asset,assets/media,P5,,P5-T3,,not_applicable,,not_applicable,,original_textbook;media_asset,textbook:P5-T3;task_inventory:P5-T3;capability_graph_v2:AU-09,media_extracted_pending_review,IMG-332,not_applicable,not_applicable,not_applicable,not_applicable,,,,draft,pending_media_review,media;copyright;editorial,high,redraw_required,,current,media_reference_node,reports/课程能力图谱V2关系边表.csv;assets/media/,配置截图需重绘。
N-V03-0100,IMG-333,IMG-333 原教材媒体资源,media_asset,assets/media,P5,,P5-T3,,not_applicable,,not_applicable,,original_textbook;media_asset,textbook:P5-T3;task_inventory:P5-T3;capability_graph_v2:AU-09,media_extracted_pending_review,IMG-333,not_applicable,not_applicable,not_applicable,not_applicable,,,,draft,pending_media_review,media;copyright;editorial,high,redraw_required,,current,media_reference_node,reports/课程能力图谱V2关系边表.csv;assets/media/,优化过程截图需重绘。
N-V03-0101,IMG-334,IMG-334 原教材媒体资源,media_asset,assets/media,P5,,P5-T3,,not_applicable,,not_applicable,,original_textbook;media_asset,textbook:P5-T3;task_inventory:P5-T3;capability_graph_v2:AU-09,media_extracted_pending_review,IMG-334,not_applicable,not_applicable,not_applicable,not_applicable,,,,draft,pending_media_review,media;copyright;editorial,high,redraw_required,,current,media_reference_node,reports/课程能力图谱V2关系边表.csv;assets/media/,PDU会话建立正常截图需重绘对照。
N-V03-0102,IMG-335,IMG-335 原教材媒体资源,media_asset,assets/media,P5,,P5-T3,,not_applicable,,not_applicable,,original_textbook;media_asset,textbook:P5-T3;task_inventory:P5-T3;capability_graph_v2:AU-09,media_extracted_pending_review,IMG-335,not_applicable,not_applicable,not_applicable,not_applicable,,,,draft,pending_media_review,media;copyright;editorial,high,redraw_required,,current,media_reference_node,reports/课程能力图谱V2关系边表.csv;assets/media/,弱覆盖导致掉线截图需标注。
N-V03-0103,IMG-336,IMG-336 原教材媒体资源,media_asset,assets/media,P5,,P5-T3,,not_applicable,,not_applicable,,original_textbook;media_asset,textbook:P5-T3;task_inventory:P5-T3;capability_graph_v2:AU-09,media_extracted_pending_review,IMG-336,not_applicable,not_applicable,not_applicable,not_applicable,,,,draft,pending_media_review,media;copyright;editorial,high,redraw_required,,current,media_reference_node,reports/课程能力图谱V2关系边表.csv;assets/media/,掉线效果验证截图需重绘为复测对比图。
N-V03-0104,IMG-337,IMG-337 原教材媒体资源,media_asset,assets/media,P5,,P5-T3,,not_applicable,,not_applicable,,original_textbook;media_asset,textbook:P5-T3;task_inventory:P5-T3;capability_graph_v2:AU-09,media_extracted_pending_review,IMG-337,not_applicable,not_applicable,not_applicable,not_applicable,,,,draft,pending_media_review,media;copyright;editorial,high,redraw_required,,current,media_reference_node,reports/课程能力图谱V2关系边表.csv;assets/media/,乒乓切换测试图示需标注。
N-V03-0105,IMG-338,IMG-338 原教材媒体资源,media_asset,assets/media,P5,,P5-T3,,not_applicable,,not_applicable,,original_textbook;media_asset,textbook:P5-T3;task_inventory:P5-T3;capability_graph_v2:AU-09,media_extracted_pending_review,IMG-338,not_applicable,not_applicable,not_applicable,not_applicable,,,,draft,pending_media_review,media;copyright;editorial,high,redraw_required,,current,media_reference_node,reports/课程能力图谱V2关系边表.csv;assets/media/,乒乓切换效果验证图需重绘。
N-V03-0106,IMG-339,IMG-339 原教材媒体资源,media_asset,assets/media,P5,,P5-T3,,not_applicable,,not_applicable,,original_textbook;media_asset,textbook:P5-T3;task_inventory:P5-T3;capability_graph_v2:AU-09,media_extracted_pending_review,IMG-339,not_applicable,not_applicable,not_applicable,not_applicable,,,,draft,pending_media_review,media;copyright;editorial,high,redraw_required,,current,media_reference_node,reports/课程能力图谱V2关系边表.csv;assets/media/,低速率问题截图需标注。
N-V03-0107,IMG-340,IMG-340 原教材媒体资源,media_asset,assets/media,P5,,P5-T3,,not_applicable,,not_applicable,,original_textbook;media_asset,textbook:P5-T3;task_inventory:P5-T3;capability_graph_v2:AU-09,media_extracted_pending_review,IMG-340,not_applicable,not_applicable,not_applicable,not_applicable,,,,draft,pending_media_review,media;copyright;editorial,high,redraw_required,,current,media_reference_node,reports/课程能力图谱V2关系边表.csv;assets/media/,低速率复测图需重绘。
N-V03-0108,IMG-341,IMG-341 原教材媒体资源,media_asset,assets/media,P5,,P5-T3,,not_applicable,,not_applicable,,original_textbook;media_asset,textbook:P5-T3;task_inventory:P5-T3;capability_graph_v2:AU-09,media_extracted_pending_review,IMG-341,not_applicable,not_applicable,not_applicable,not_applicable,,,,draft,pending_media_review,media;copyright;editorial,high,redraw_required,,current,media_reference_node,reports/课程能力图谱V2关系边表.csv;assets/media/,可用类问题路测图需标注。
N-V03-0109,IMG-342,IMG-342 原教材媒体资源,media_asset,assets/media,P5,,P5-T3,,not_applicable,,not_applicable,,original_textbook;media_asset,textbook:P5-T3;task_inventory:P5-T3;capability_graph_v2:AU-09,media_extracted_pending_review,IMG-342,not_applicable,not_applicable,not_applicable,not_applicable,,,,draft,pending_media_review,media;copyright;editorial,high,redraw_required,,current,media_reference_node,reports/课程能力图谱V2关系边表.csv;assets/media/,光链路故障证据需标注。
N-V03-0110,IMG-343,IMG-343 原教材媒体资源,media_asset,assets/media,P5,,P5-T3,,not_applicable,,not_applicable,,original_textbook;media_asset,textbook:P5-T3;task_inventory:P5-T3;capability_graph_v2:AU-09,media_extracted_pending_review,IMG-343,not_applicable,not_applicable,not_applicable,not_applicable,,,,draft,pending_media_review,media;copyright;editorial,high,redraw_required,,current,media_reference_node,reports/课程能力图谱V2关系边表.csv;assets/media/,可用类复测图需重绘。
N-V03-0111,R-01,投诉线索归类互动,resource_activity,P4T2-N01,P4,,P4-T2,,not_applicable,,not_applicable,,generated_output;overall_prototype,samples/digital_textbook_overall_prototype/data.js,output_binding,投诉线索归类互动,投诉线索归类互动,互动,样章内已有学习活动,样章内已有学习活动,R-01,互动,,draft,pending_editorial_review,editorial;professional,medium,,,current,resource_binding_from_overall_prototype,samples/digital_textbook_overall_prototype/data.js,教学模拟，待专业复核
N-V03-0112,R-02,覆盖/移动性指标表,resource_activity,P4T2-N03/P4T2-N04,P4,,P4-T2,,not_applicable,,not_applicable,,generated_output;overall_prototype,samples/digital_textbook_overall_prototype/data.js,output_binding,覆盖/移动性指标表,覆盖/移动性指标表,表格,样章内已有,样章内已有,R-02,表格,,draft,pending_editorial_review,editorial;professional,medium,,,current,resource_binding_from_overall_prototype,samples/digital_textbook_overall_prototype/data.js,阈值待专业复核
N-V03-0113,R-03,指标行标注活动,resource_activity,P4T2-N05,P4,,P4-T2,,not_applicable,,not_applicable,,generated_output;overall_prototype,samples/digital_textbook_overall_prototype/data.js,output_binding,指标行标注活动,指标行标注活动,互动,样章内已有学习活动,样章内已有学习活动,R-03,互动,,draft,pending_editorial_review,editorial;professional,medium,,,current,resource_binding_from_overall_prototype,samples/digital_textbook_overall_prototype/data.js,教学模拟，待专业复核
N-V03-0114,R-04,结论拼装与修正句,resource_activity,P4T2-N07/P4T2-N08,P4,,P4-T2,,not_applicable,,not_applicable,,generated_output;overall_prototype,samples/digital_textbook_overall_prototype/data.js,output_binding,结论拼装与修正句,结论拼装与修正句,学习单,样章内已有,样章内已有,R-04,学习单,,draft,pending_editorial_review,editorial;professional,medium,,,current,resource_binding_from_overall_prototype,samples/digital_textbook_overall_prototype/data.js,待一线试看
N-V03-0115,R-05,教师2课时带教材料,resource_activity,P4T2-N01-P4T2-N08,P4,,P4-T2,,not_applicable,,not_applicable,,generated_output;overall_prototype,samples/digital_textbook_overall_prototype/data.js,output_binding,教师2课时带教材料,教师2课时带教材料,教师材料,样章内已有,样章内已有,R-05,教师材料,,draft,pending_editorial_review,editorial;professional,medium,,,current,resource_binding_from_overall_prototype,samples/digital_textbook_overall_prototype/data.js,待一线教师试看
N-V03-0116,R-06,全书媒体池,resource_activity,多节点,全书,,多任务,,not_applicable,,not_applicable,,generated_output;overall_prototype,samples/digital_textbook_overall_prototype/data.js,output_binding,全书媒体池,全书媒体池,图片/截图,已抽取，未治理完成,已抽取，未治理完成,R-06,图片/截图,,draft,pending_editorial_review,editorial;professional,high,,,current,resource_binding_from_overall_prototype,samples/digital_textbook_overall_prototype/data.js,不可默认发布
N-V03-0117,R-07,课程能力图谱跨层映射表,resource_activity,CG-01-CG-07,全书,,18个任务,,not_applicable,,not_applicable,,generated_output;overall_prototype,samples/digital_textbook_overall_prototype/data.js,output_binding,课程能力图谱跨层映射表,课程能力图谱跨层映射表,结构化数据,已形成,已形成,R-07,结构化数据,,draft,teaching_transformed,editorial;professional,medium,,,current,resource_binding_from_overall_prototype,samples/digital_textbook_overall_prototype/data.js,需后续专家复核图谱合理性
N-V03A-INC-P2T2-001,P2T2-N01,判断测试异常现象与影响范围,detail_capability,P2-T2,P2,项目二：5G网络测试,P2-T2,任务2：5G网络测试问题处理,JP-03,JP-04,AU-03,AU-05,original_textbook;ai_inference,textbook:P2-T2 lines 1958-2082;v03a_increment:P2-T2,increment_trial_revised,先看现场发生了什么,能说清测试现场出现了什么异常、影响哪项测试、是否需要立刻处理。,阅读现场情境，填写异常现象、影响范围和初步类型。,测试异常现象判断单,测试异常现象判断单,P2T2A-C01,text_card;case_card;classification_table,case_intro;problem_classification,trial_split,pending_professional_review,professional;editorial,medium,not_applicable,procedure;case_logic,current,increment_trial_revised,reports/P2-T2增量补拆内部评审报告.md,替代旧版P2T2-N01，强调现象和影响范围，不只做类型分类。
N-V03A-INC-P2T2-002,P2T2-N02,按排查路径处理设备、软件与数据问题,detail_capability,P2-T2,P2,项目二：5G网络测试,P2-T2,任务2：5G网络测试问题处理,JP-03,JP-04,AU-03,AU-05,original_textbook;ai_inference,textbook:P2-T2 lines 1987-2040;image:image83;v03a_increment:P2-T2,increment_trial_revised,按路径排查问题,能按设备连接、供电、软件授权、驱动端口、数据保存的路径完成排查并记录证据。,根据异常现象选择排查分支，完成排查记录和下一步处理动作。,测试问题排查记录单,测试问题排查记录单,P2T2A-C02;P2T2A-C03;P2T2A-C04,text_card;process_table;flowchart;redrawn_image;worksheet,process_ordering;troubleshooting;data_checking,trial_split,pending_media_review,professional;media;editorial,high,redraw_required,tool_screenshot;hardware_safety;data_quality,current,increment_trial_revised,reports/P2-T2增量补拆内部评审报告.md;assets/media/image83.png,整合旧版硬件、软件和数据保存三个节点，具体分支下沉为资源和活动。
N-V03A-INC-P2T2-003,P2T2-N03,完成现场协调与责任升级,detail_capability,P2-T2,P2,项目二：5G网络测试,P2-T2,任务2：5G网络测试问题处理,JP-04,JP-03,AU-05,AU-03,original_textbook;ai_inference,textbook:P2-T2 lines 2042-2054;v03a_increment:P2-T2,increment_trial_revised,知道该找谁、怎么说,能区分项目内部、客户接口人、业主阻拦和后台支撑等协调对象，按合规路径升级问题。,根据现场情境选择责任人、升级路径和合规表达。,现场协调升级记录,现场协调升级记录,P2T2A-C05,scenario_card;matching;worksheet,role_matching;communication_routing,trial_split,pending_professional_review,professional;editorial,medium,not_applicable,work_process;communication,current,increment_trial_revised,reports/P2-T2增量补拆内部评审报告.md,保留旧版协调节点，但强化职业边界和合规表达。
N-V03A-INC-P2T2-004,P2T2-N04,形成问题处理闭环记录与预案,detail_capability,P2-T2,P2,项目二：5G网络测试,P2-T2,任务2：5G网络测试问题处理,JP-04,JP-03,AU-05,AU-03,original_textbook;ai_inference,textbook:P2-T2 lines 2056-2082;v03a_increment:P2-T2,increment_trial_revised,把处理过程写成可复盘记录,能把问题现象、排查过程、处理措施、责任人、处理结果和下次预防措施写成闭环记录。,复盘GPS打点失败案例，形成问题处理记录与预案。,测试问题闭环记录与预案,测试问题闭环记录与预案,P2T2A-C06;P2T2A-C07;P2T2A-C08,case_table;worksheet;report_template,case_analysis;reflection_summary;risk_checking,trial_split,pending_professional_review,professional;editorial,medium,not_applicable,case_logic;conclusion,current,increment_trial_revised,reports/P2-T2增量补拆内部评审报告.md,连接P2-T3数据分析入口，保留问题处理结果作为后续分析背景。
