task_id,task_title,phase2_role,node_id,node_name,student_title,student_learning_goal,student_action,student_output,assessment_output,resource_type,learning_activity_type,primary_ability_unit_id,secondary_ability_unit_ids,inbound_relation_count,outbound_relation_count,relation_types,binding_count,audit_status,risk_level,media_handling_status,professional_risk_type,content_status,prototype_target,source_files
P4-T1,任务1：5G网络优化方案实施,实施入口：把前序整改建议、参数异常和优化对象转为受控实施记录与复测交接。,P4T1-N01,明确优化对象与实施边界,先弄清这次到底要优化什么,我能根据问题现象和已有整改建议确认优化对象、实施边界和不能直接操作的内容。,阅读任务情境和前序建议，填写优化实施任务单。,优化实施任务单,优化实施任务单,case_card;worksheet;boundary_table,case_intro;task_analysis;boundary_checking,AU-05,AU-06,7,2,任务拆分详细节点；前置基础；支撑判断；直接递进；能力挂接,2,pending_professional_review,medium,not_applicable,procedure;data_source,阶段2轻量教材样稿待生成,整书阶段2原型：项目四闭环页/资源中心/教师视图,reports/P4-T1基于V0.3.4主数据补拆验证报告.md;extracted/textbook.md
P4-T1,任务1：5G网络优化方案实施,实施入口：把前序整改建议、参数异常和优化对象转为受控实施记录与复测交接。,P4T1-N02,区分优化动作类型与责任边界,先判断这件事属于哪类优化动作,我能区分天线、无线、承载网和核心网方向，并说明哪些动作需要工程授权或专业岗位协同。,根据现象和建议选择优化动作类型，填写责任边界表。,优化动作分类与责任边界表,优化动作分类与责任边界表,classification_table;scenario_card;worksheet,problem_classification;risk_checking,AU-06,AU-05,3,2,任务拆分详细节点；支撑判断；直接递进；能力挂接,3,pending_professional_review,high,not_applicable,procedure;authorization;publication_boundary,阶段2轻量教材样稿待生成,整书阶段2原型：项目四闭环页/资源中心/教师视图,reports/P4-T1基于V0.3.4主数据补拆验证报告.md;extracted/textbook.md
P4-T1,任务1：5G网络优化方案实施,实施入口：把前序整改建议、参数异常和优化对象转为受控实施记录与复测交接。,P4T1-N03,读取关键参数与变更依据,会从参数里找出调整依据,我能从教学化参数表或重绘界面中识别支撑优化动作的关键参数，并说明参数能支持什么判断。,标注关键参数、当前状态、建议动作和还缺少的复核信息。,参数依据记录表,参数依据记录表,parameter_table;redrawn_image;worksheet;case_card,parameter_annotation;data_reading;boundary_checking,AU-06,AU-04;AU-05,3,3,任务拆分详细节点；支撑判断；直接递进；能力挂接；问题回流,4,pending_media_review,high,redraw_required,tool_screenshot;terminology;data_source,阶段2轻量教材样稿待生成,整书阶段2原型：项目四闭环页/资源中心/教师视图,reports/P4-T1基于V0.3.4主数据补拆验证报告.md;assets/media/image208.png;assets/media/image228.png;assets/media/image229.png;assets/media/image230.png;assets/media/image231.png;assets/media/image232.png
P4-T1,任务1：5G网络优化方案实施,实施入口：把前序整改建议、参数异常和优化对象转为受控实施记录与复测交接。,P4T1-N04,制定实施步骤与风险回退检查,把优化动作排成可控步骤,我能把拟实施动作排成受控步骤，并补充影响范围、回退条件、复核人和实施前检查。,对实施步骤排序，补充风险、影响范围和回退检查。,实施步骤与回退检查单,实施步骤与回退检查单,process_table;checklist;worksheet,process_ordering;risk_checking;boundary_checking,AU-06,AU-05,2,2,任务拆分详细节点；直接递进；能力挂接,3,pending_professional_review,high,not_applicable,procedure;authorization;publication_boundary,阶段2轻量教材样稿待生成,整书阶段2原型：项目四闭环页/资源中心/教师视图,reports/P4-T1基于V0.3.4主数据补拆验证报告.md;extracted/textbook.md
P4-T1,任务1：5G网络优化方案实施,实施入口：把前序整改建议、参数异常和优化对象转为受控实施记录与复测交接。,P4T1-N05,记录实施结果与变更凭据,把做过什么和为什么做记录清楚,我能记录变更前后参数、操作依据、执行结果、异常备注和后续验证要求，让优化实施可以追溯。,填写优化实施变更记录，并标出需要保留的凭据。,优化实施变更记录,优化实施变更记录,worksheet;record_template;evidence_table,record_completion;evidence_checking,AU-06,AU-07,2,5,任务拆分详细节点；前置支撑；支撑判断；直接递进；能力挂接,2,pending_professional_review,high,not_applicable,procedure;data_source;authorization,阶段2轻量教材样稿待生成,整书阶段2原型：项目四闭环页/资源中心/教师视图,reports/P4-T1基于V0.3.4主数据补拆验证报告.md;extracted/textbook.md
P4-T1,任务1：5G网络优化方案实施,实施入口：把前序整改建议、参数异常和优化对象转为受控实施记录与复测交接。,P4T1-N06,形成复测验证入口并交接P4-T2,优化后还要交给验证来判断,我能把实施记录整理成复测验证入口，说明需要复测的场景、指标、数据来源和不能直接下结论的边界。,汇总复测指标、验证场景和交接材料，形成复测验证交接清单。,复测验证交接清单,复测验证交接清单,text_card;worksheet;matching_activity,validation_planning;handoff_checking,AU-07,AU-06,2,3,任务拆分详细节点；前置支撑；直接递进；能力挂接,4,pending_professional_review,medium,redraw_required,case_logic;conclusion;data_source,阶段2轻量教材样稿待生成,整书阶段2原型：项目四闭环页/资源中心/教师视图,reports/P4-T1基于V0.3.4主数据补拆验证报告.md;extracted/textbook.md
P4-T2,任务2：5G网络优化结果验证,判断中枢：承接实施证据，判断改善、达标、边界和未闭环问题。,P4T2-N01,识别验证场景,先弄清这次到底要验收什么,我能把投诉线索转成覆盖、移动性、体验或容量等验证对象。,阅读宿舍区投诉场景，把四条投诉线索归入对应验证对象。,投诉到验证对象映射,投诉到验证对象映射,text_card;simulation_case;worksheet;assessment_item,case_intro;evidence_classification,AU-07,AU-03,10,3,前置基础；支撑判断；直接递进；能力挂接,5,pending_professional_review,medium,not_applicable,data_source;case_logic,3.5A-1深样章已作为质量锚点,整书阶段2原型：保留深样章入口并作为闭环中枢,reports/P4-T2详细能力节点字段表V0.2.csv
P4-T2,任务2：5G网络优化结果验证,判断中枢：承接实施证据，判断改善、达标、边界和未闭环问题。,P4T2-N02,区分改善与达标,分清“有改善”和“能验收”不是一回事,我能把已改善的数据和仍未闭环的数据分开写。,对宿舍区案例中的达标指标和未达标指标做边界表达修正。,已达标依据和未闭环边界,边界表达修正记录,text_card;table;worksheet;rubric;assessment_item,comparison_analysis;correction_revision,AU-07,AU-08,3,5,前置基础；前置支撑；支撑判断；直接递进；能力挂接；问题回流,4,pending_professional_review,medium,not_applicable,conclusion;terminology,3.5A-1深样章已作为质量锚点,整书阶段2原型：保留深样章入口并作为闭环中枢,reports/P4-T2详细能力节点字段表V0.2.csv
P4-T2,任务2：5G网络优化结果验证,判断中枢：承接实施证据，判断改善、达标、边界和未闭环问题。,P4T2-N03,读覆盖指标,读覆盖指标：它能证明什么，不能证明什么,我能看懂覆盖指标能支持覆盖改善，但不能单独证明业务全部恢复。,阅读覆盖指标表和地下食堂案例，标出覆盖达标依据与证据边界。,覆盖指标判断与流程排序,覆盖指标判断与证据边界,text_card;table;chart;worksheet;redrawn_image;assessment_item,data_reading;process_ordering;metric_annotation,AU-07,AU-03,7,5,前置基础；支撑判断；直接递进；能力挂接；资源证据,6,pending_media_review,high,redraw_required,threshold;terminology;tool_screenshot,3.5A-1深样章已作为质量锚点,整书阶段2原型：保留深样章入口并作为闭环中枢,reports/P4-T2详细能力节点字段表V0.2.csv
P4-T2,任务2：5G网络优化结果验证,判断中枢：承接实施证据，判断改善、达标、边界和未闭环问题。,P4T2-N04,读移动性指标,读移动性指标：走动时会不会断,我能判断移动路径上的问题不能只看静止点覆盖，还要看切换和保持数据。,按顺序排出移动性验证流程，并判断切换失败或重建偏高说明什么。,移动性验证流程,移动性验证流程和异常阶段判断,text_card;redrawn_image;interactive_animation;mini_game;worksheet;assessment_item,process_ordering;data_reading;problem_diagnosis,AU-07,AU-03;AU-05,7,8,前置基础；支撑判断；直接递进；能力挂接；资源证据,8,pending_media_review,high,redraw_required,procedure;signal_analysis;tool_screenshot,3.5A-1深样章已作为质量锚点,整书阶段2原型：保留深样章入口并作为闭环中枢,reports/P4-T2详细能力节点字段表V0.2.csv
P4-T2,任务2：5G网络优化结果验证,判断中枢：承接实施证据，判断改善、达标、边界和未闭环问题。,P4T2-N05,读体验与容量指标,读体验与容量指标：平均好不等于尾部好,我能区分平均值达标和尾部体验、容量边界未闭环。,阅读实训楼和招聘会指标表，给每行标注通过依据或必须写边界。,通过依据和边界指标标注,指标行标注和边界表达,text_card;table;chart;worksheet;redrawn_image;assessment_item,data_reading;metric_annotation;comparison_analysis,AU-07,AU-03;AU-09,7,4,前置基础；支撑判断；直接递进；能力挂接；资源证据,10,pending_media_review,high,redraw_required,threshold;case_logic;conclusion;tool_screenshot,3.5A-1深样章已作为质量锚点,整书阶段2原型：保留深样章入口并作为闭环中枢,reports/P4-T2详细能力节点字段表V0.2.csv
P4-T2,任务2：5G网络优化结果验证,判断中枢：承接实施证据，判断改善、达标、边界和未闭环问题。,P4T2-N06,选择判断依据,把材料分清：依据、边界，还是背景,我能判断一条材料能不能直接证明优化后达到目标。,在体育馆活动保障案例中，把材料分入通过依据、必须写边界和背景信息。,依据链分类结果,依据链分类结果,simulation_case;table;worksheet;assessment_item;rubric,evidence_classification;comparison_analysis,AU-07,AU-05;AU-08,7,9,前置基础；前置支撑；支撑判断；直接递进；能力挂接；问题回流,4,pending_professional_review,medium,not_applicable,case_logic;conclusion,3.5A-1深样章已作为质量锚点,整书阶段2原型：保留深样章入口并作为闭环中枢,reports/P4-T2详细能力节点字段表V0.2.csv
P4-T2,任务2：5G网络优化结果验证,判断中枢：承接实施证据，判断改善、达标、边界和未闭环问题。,P4T2-N07,形成验收结论,写出一段能提交的验收结论,我能把技术判断写成判断、依据、边界和建议四部分。,在招聘会扩容案例中拼装并提交四段式验收结论。,四段式验收结论,四段式验收结论,worksheet;assessment_item;rubric;report_template,conclusion_writing;report_output,AU-07,AU-08,7,7,前置基础；前置支撑；支撑判断；直接递进；能力挂接；问题回流,4,pending_professional_review,medium,not_applicable,conclusion;terminology,3.5A-1深样章已作为质量锚点,整书阶段2原型：保留深样章入口并作为闭环中枢,reports/P4-T2详细能力节点字段表V0.2.csv
P4-T2,任务2：5G网络优化结果验证,判断中枢：承接实施证据，判断改善、达标、边界和未闭环问题。,P4T2-N08,修正职业表达,把结论改到能被讲评、能被使用,我能根据反馈修改验收结论，而不是只看参考答案。,对招聘会案例结论进行自评和二次修正，至少提交一条修正句。,修正后的职业表达,修正后的职业表达和修订记录,rubric;teacher_guide;worksheet;assessment_item,correction_revision;reflection_summary,AU-08,AU-07;AU-09,3,9,前置基础；前置支撑；支撑判断；直接递进；能力挂接；问题回流,5,pending_professional_review,medium,not_applicable,conclusion;terminology,3.5A-1深样章已作为质量锚点,整书阶段2原型：保留深样章入口并作为闭环中枢,reports/P4-T2详细能力节点字段表V0.2.csv
P4-T3,任务3：5G网络优化报告输出,表达出口：把实施记录、验证结论和证据链转为可讲评、可修订的优化报告。,P4T3-N01,明确报告对象与交付口径,先弄清报告要交给谁和说明什么,我能根据客户要求和任务情境确认报告类型、交付对象、交付口径和不能直接承诺的内容。,阅读任务要求并填写报告交付口径确认单。,报告交付口径确认单,报告交付口径确认单,task_card;worksheet;boundary_table,task_analysis;report_type_identification;boundary_checking,AU-08,AU-07,1,2,任务拆分详细节点；直接递进；能力挂接,3,pending_professional_review,medium,not_applicable,conclusion;customer_communication;publication_boundary,阶段2轻量教材样稿待生成,整书阶段2原型：项目四闭环页/资源中心/教师视图,reports/P4-T3基于V0.3.5主数据补拆验证报告.md;extracted/textbook.md
P4-T3,任务3：5G网络优化报告输出,表达出口：把实施记录、验证结论和证据链转为可讲评、可修订的优化报告。,P4T3-N02,归集实施与验证证据,报告不能凭空写，要先把证据找齐,我能从实施记录、复测入口、验证结论和测试分析报告中选择能进入报告的证据，并说明证据能证明什么。,整理实施记录、验证结论和测试分析材料，填写报告证据链清单。,报告证据链清单,报告证据链清单,text_card;evidence_table;worksheet,evidence_classification;data_source_checking,AU-08,AU-06;AU-07;AU-03,6,5,任务拆分详细节点；前置支撑；直接递进；能力挂接；能力辅挂；问题回流,3,pending_professional_review,high,not_applicable,data_source;conclusion;authorization,阶段2轻量教材样稿待生成,整书阶段2原型：项目四闭环页/资源中心/教师视图,reports/P4-T3基于V0.3.5主数据补拆验证报告.md;extracted/textbook.md
P4-T3,任务3：5G网络优化报告输出,表达出口：把实施记录、验证结论和证据链转为可讲评、可修订的优化报告。,P4T3-N03,选择报告结构并组织材料,选对结构，把材料排成别人能看懂的报告,我能区分KPI指标优化类、测试指标优化类和案例类报告组织方式，并根据任务情境排列材料。,根据任务情境选择报告结构，排列问题概述、证据、措施、结果和案例材料。,报告结构草稿,报告结构草稿,report_template;structure_card;worksheet,report_structure_selection;material_ordering,AU-08,AU-07,2,2,任务拆分详细节点；直接递进；能力挂接,3,pending_editorial_review,medium,not_applicable,template;publication_boundary;conclusion,阶段2轻量教材样稿待生成,整书阶段2原型：项目四闭环页/资源中心/教师视图,reports/P4-T3基于V0.3.5主数据补拆验证报告.md;extracted/textbook.md
P4-T3,任务3：5G网络优化报告输出,表达出口：把实施记录、验证结论和证据链转为可讲评、可修订的优化报告。,P4T3-N04,对比指标并写出结论边界,看懂优化前后数据，再写能站得住的结论,我能根据优化前后指标对比说明改善、达标、劣化、未闭环和需二次分析的边界。,阅读覆盖方案对比表，改写过度结论，形成有依据和边界的指标结论段。,指标对比结论段,指标对比结论段,data_table;worksheet;rubric,comparison_analysis;conclusion_writing;boundary_checking,AU-08,AU-07;AU-03,5,4,任务拆分详细节点；前置支撑；直接递进；能力挂接；能力辅挂；问题回流,3,pending_professional_review,high,not_applicable,threshold;conclusion;data_source,阶段2轻量教材样稿待生成,整书阶段2原型：项目四闭环页/资源中心/教师视图,reports/P4-T3基于V0.3.5主数据补拆验证报告.md;extracted/textbook.md
P4-T3,任务3：5G网络优化报告输出,表达出口：把实施记录、验证结论和证据链转为可讲评、可修订的优化报告。,P4T3-N05,编写典型案例分析段落,把一个典型问题讲清楚，而不是只贴图,我能把典型案例写成问题现象、原因判断、优化措施、效果证据和注意事项组成的分析段落。,基于越区覆盖案例补齐案例分析链条，并标出截图和站点信息的待审边界。,典型案例分析段,典型案例分析段,case_card;worksheet;screenshot;redrawn_image,case_analysis;evidence_classification;media_review,AU-08,AU-05;AU-06;AU-07,2,2,任务拆分详细节点；直接递进；能力挂接,4,pending_media_review,high,redraw_required,case_logic;data_security;tool_screenshot;conclusion,阶段2轻量教材样稿待生成,整书阶段2原型：项目四闭环页/资源中心/教师视图,reports/P4-T3基于V0.3.5主数据补拆验证报告.md;assets/media/image300.png;assets/media/image301.png
P4-T3,任务3：5G网络优化报告输出,表达出口：把实施记录、验证结论和证据链转为可讲评、可修订的优化报告。,P4T3-N06,修订报告表达并准备客户沟通,把报告改到能提交，也能说明还不能承诺什么,我能根据评价量规修订报告结论，并准备客户沟通要点和待确认问题。,对报告样稿进行二次修订，删除越权承诺，形成客户沟通提纲和待确认问题清单。,优化报告输出样稿与沟通提纲,优化报告输出样稿与沟通提纲,report_template;rubric;communication_script,correction_revision;customer_communication;reflection_summary,AU-08,AU-07,3,1,任务拆分详细节点；前置支撑；直接递进；能力挂接,3,pending_editorial_review,high,not_applicable,customer_communication;publication_boundary;conclusion,阶段2轻量教材样稿待生成,整书阶段2原型：项目四闭环页/资源中心/教师视图,reports/P4-T3基于V0.3.5主数据补拆验证报告.md;extracted/textbook.md
