评审维度,评分,结论,是否阻断第二项目复制验证,是否阻断正式教学或发布,主要依据
项目级闭环,4.2/5,通过,否,否,P4-T1实施入口、P4-T2判断中枢、P4-T3表达出口链条成立
学生可学性,3.6/5,有条件通过,否,是,P4-T2强，P4-T1/P4-T3缺少互动、填写、反馈和二次修正
教师可教性,3.4/5,有条件通过,否,部分阻断,教师视图为摘要说明，缺少完整课堂组织工具
教材正文质量,4.0/5,有条件通过,否,部分阻断,P4-T1/P4-T3已有情境、表格、步骤和完成标准，但仍为轻量样稿
课程能力图谱支撑,4.0/5,通过,否,部分阻断,项目四20个节点进入图谱和资源中心，但学生端仍偏后台表达
资源治理,3.7/5,有条件通过,否,部分阻断,资源状态和审核边界清楚，但缺少资源详情、替换、版本记录流程
出版平台门禁,3.2/5,未通过,否,是,仅有挂接位置和状态说明，未形成真实接口字段和封装样本
专业准确性,2.8/5,未通过,否,是,参数、阈值、工程授权、客户沟通均需通信专业复核
媒体版权治理,2.8/5,未通过,否,是,已标注不可默认发布，但重绘、替换、版权审查未完成
可复制性,4.0/5,有条件通过,否,否,项目四方法具备迁移测试价值，建议选择项目二做第二闭环验证
