resource_id,file,原用途,当前问题,样章2.0处理,正式版建议,审核状态
IMG-236,image236.png,切换流程图,图意相对明确但仍缺少教学标注,可暂用并配合文字说明,重绘为三阶段流程图并标注测量-判决-执行,待专业审核
IMG-245,image245.png,SA组网下切换流程,流程复杂且图中文字密度高,可暂用但仅作为补充图,重绘为教学版SA切换流程并拆分步骤,待专业审核
IMG-287,image287.png,仿真软件step4界面,非通用软件截图且学生不知道入口含义,仅作为媒体审查对象,替换为通用化任务界面或重新绘制,待编辑审核
IMG-288,image288.png,覆盖优化结果截图,非通用软件截图且缺少字段解释,暂作占位不直接作为学习证据,重绘覆盖结果教学图并标注SS-RSRP/SS-SINR,待编辑审核
IMG-289,image289.png,切换优化结果截图,非通用软件截图且缺少异常判断路径,暂作占位不直接作为学习证据,重绘切换事件/流程验证教学图,待编辑审核
IMG-290,image290.png,时延优化结果截图,非通用软件截图且缺少指标口径,暂作占位不直接作为学习证据,替换为时延指标对比表或重绘仪表图,待编辑审核
IMG-291,image291.png,速率优化结果截图,非通用软件截图且缺少上下行说明,暂作占位不直接作为学习证据,替换为速率指标对比表和业务体验说明,待编辑审核
IMG-292,image292.png,容量优化结果截图,非通用软件截图且缺少负荷/容量解释,暂作占位不直接作为学习证据,重绘容量负荷和用户数关系图,待编辑审核
IMG-293,image293.png,掉线优化结果截图,非通用软件截图且缺少掉线定义与证据边界,暂作占位不直接作为学习证据,重绘掉线率/异常释放证据链图,待编辑审核
